lme_id,lme_name,specieskey,species_name,weighted_em_status,model,growth
1,Baltic Sea,2308528,Tubificoides heterochaetus,31.5,GAM,1.2819147339195334
1,Baltic Sea,2301066,Littorina obtusata,31.5,GAM,1.2597048966674151
1,Baltic Sea,2287615,Petricolaria pholadiformis,31.5,GAM,1.1189795078770708
1,Baltic Sea,3195275,Apedinella radians,31.5,GAM,1.1162649907801119
1,Baltic Sea,8368630,Prorocentrum cordatum,31.5,GAM,1.078697741608606
1,Baltic Sea,2292354,Tenellia adspersa,31.5,GAM,1.0390029622918249
1,Baltic Sea,2315382,Alitta succinea,31.5,GAM,1.0318676014551005
1,Baltic Sea,4315705,Dikerogammarus villosus,24.5,GAM,
1,Baltic Sea,2225772,Hemigrapsus sanguineus,24.5,decision rules,
1,Baltic Sea,5185603,Tubularia indivisa,24,GAM,
1,Baltic Sea,2321011,Marenzelleria arctia,23,decision rules,
1,Baltic Sea,5273309,Ulva lactuca,22.5,GAM,0.9775343534380541
1,Baltic Sea,5197747,Polydora cornuta,22.5,GAM,0.9311713509666142
1,Baltic Sea,5178595,Carcinus maenas,22.5,GAM,0.8871689735166454
1,Baltic Sea,2219149,Grandidierella japonica,22,decision rules,
1,Baltic Sea,2308987,Syllidia armata,20,decision rules,
1,Baltic Sea,2321343,Streblospio benedicti,19.5,GAM,1.0686017973380326
1,Baltic Sea,2215949,Melita nitida,19.5,decision rules,
1,Baltic Sea,4315703,Dikerogammarus haemobaphes,18,decision rules,
1,Baltic Sea,2327735,Ficopomatus enigmaticus,17.5,GAM,0.963254083940399
1,Baltic Sea,4382841,Hemigrapsus takanoi,17.5,GAM,
1,Baltic Sea,10246866,Haminella solitaria,14,GAM,1.685783942135717
1,Baltic Sea,5188971,Rangia cuneata,11.5,GAM,0.9691560185987382
1,Baltic Sea,2308113,Paranais frici,11,GAM,0.983695598336807
1,Baltic Sea,2337248,Agonus cataphractus,10.5,GAM,0.9748118237747097
1,Baltic Sea,5962255,Cyclopterus lumpus,10.5,GAM,0.9019785730194578
1,Baltic Sea,7791733,Mya arenaria,10.5,GAM,0.8947875068831022
1,Baltic Sea,2316942,Nephtys ciliata,10.5,GAM,0.8799277957454881
1,Baltic Sea,2217353,Monocorophium insidiosum,10.5,GAM,0.7976903705574749
1,Baltic Sea,2321463,Dipolydora quadrilobata,6,GAM,0.8129016153156308
1,Baltic Sea,8270004,Peridiniella catenata,6,GAM,0.7996672564683422
1,Baltic Sea,3196437,Fucus serratus,6,GAM,0.7575334987957486
1,Baltic Sea,4314683,Chelicorophium curvispinum,6,GAM,0.45746194766314474
1,Baltic Sea,2308668,Tubificoides benedii,4.5,GAM,0.9159750889232022
1,Baltic Sea,3195749,Chorda filum,4.5,GAM,0.8708383018526697
1,Baltic Sea,2321001,Boccardiella ligerica,4.5,GAM,0.8522509260419633
1,Baltic Sea,4984866,Electra pilosa,4.5,GAM,0.7719838851616748
1,Baltic Sea,2308608,Potamothrix hammoniensis,1,GAM,0.9333732967561268
1,Baltic Sea,2434806,Halichoerus grypus,0,GAM,0.8400027345893062
1,Baltic Sea,2224979,Palaemon elegans,0,GAM,0.8254630384103562
1,Baltic Sea,7547256,Sinelobus vanhaareni,0,GAM,0.8053409384597354
1,Baltic Sea,2285681,Mytilus trossulus,0,GAM,0.7570877463517524
1,Baltic Sea,5192470,Potamopyrgus antipodarum,0,GAM,0.7460142759098068
1,Baltic Sea,5277182,Ceramium tenuicorne,0,GAM,0.7378916095446056
1,Baltic Sea,3199757,Pylaiella littoralis,0,GAM,0.7266674559545191
1,Baltic Sea,3199521,Ectocarpus siliculosus,0,GAM,0.7134533347118228
1,Baltic Sea,2220407,Neomysis integer,0,GAM,0.7037695890002065
1,Baltic Sea,2379089,Neogobius melanostomus,0,GAM,0.6717159782294506
1,Baltic Sea,2321012,Marenzelleria viridis,0,GAM,0.6527587985204053
1,Baltic Sea,2321010,Marenzelleria neglecta,0,GAM,0.6504868549704079
1,Baltic Sea,7627628,Leathesia marina,0,GAM,0.5898618968271258
1,Baltic Sea,2234642,Cercopagis pengoi,0,GAM,0.5779657989134026
1,Baltic Sea,3193498,Thalassiosira nordenskioeldii,0,GAM,0.5509539272142576
1,Baltic Sea,10478115,Octactis speculum,0,GAM,0.5047068671226558
1,Baltic Sea,2114921,Pseudocalanus elongatus,0,GAM,0.48900079073480607
3,North Sea,5279755,Chondria coerulescens,31.5,GAM,1.2965624924863346
3,North Sea,2285681,Mytilus trossulus,31.5,GAM,1.2219083718463692
3,North Sea,5188971,Rangia cuneata,31.5,GAM,1.1813389799876532
3,North Sea,4372686,Ruditapes philippinarum,31.5,GAM,1.1789489138616636
3,North Sea,2287615,Petricolaria pholadiformis,31.5,GAM,1.117453933460494
3,North Sea,5277987,Polysiphonia senticulosa,31.5,GAM,1.063981093657358
3,North Sea,5166487,Megabalanus tintinnabulum,31.5,GAM,1.0587801865364346
3,North Sea,5277182,Ceramium tenuicorne,31.5,GAM,1.055096075074376
3,North Sea,2287668,Mercenaria mercenaria,31.5,GAM,1.0497518054829127
3,North Sea,3196454,Fucus distichus,31.5,GAM,1.0489666492005871
3,North Sea,2224979,Palaemon elegans,31.5,GAM,1.044216228492776
3,North Sea,3196387,Fucus evanescens,31.5,GAM,1.039729830065108
3,North Sea,9736038,Necora puber,31.5,GAM,1.0204196809940906
3,North Sea,2291814,Thecacera pennigera,28,GAM,1.0697209985826321
3,North Sea,5197736,Polydora websteri,27.5,GAM,
3,North Sea,2227300,Procambarus clarkii,26.5,GAM,1.117387718831879
3,North Sea,4382841,Hemigrapsus takanoi,24.5,GAM,1.0252908830108758
3,North Sea,5185431,Aurelia coerulea,23,GAM,2.26400354082669
3,North Sea,7791733,Mya arenaria,22.5,GAM,1.0018785989858772
3,North Sea,7627628,Leathesia marina,22.5,GAM,0.9929224929687444
3,North Sea,5275705,Porphyra umbilicalis,22.5,GAM,0.964662697300069
3,North Sea,5178595,Carcinus maenas,22.5,GAM,0.9349838772854857
3,North Sea,2224197,Pagurus longicarpus,22.5,GAM,0.6503828443204521
3,North Sea,2328792,Euchone incolor,22.5,decision rules,
3,North Sea,8000329,Ericthonius didymus,22.5,decision rules,
3,North Sea,10246866,Haminella solitaria,22.5,decision rules,
3,North Sea,5185846,Tiaropsis multicirrata,21,GAM,0.9291272562571735
3,North Sea,3121258,Artemisia princeps,21,decision rules,
3,North Sea,5963673,Celtodoryx ciocalyptoides,20,decision rules,
3,North Sea,3199521,Ectocarpus siliculosus,19.5,GAM,1.0724553618792032
3,North Sea,3199757,Pylaiella littoralis,19.5,GAM,1.040529768574159
3,North Sea,2301629,Calyptraea chinensis,19.5,GAM,1.0336573345928437
3,North Sea,10708694,Ceramium sungminbooi,19.5,decision rules,
3,North Sea,4354941,Botrylloides violaceus,18.5,decision rules,
3,North Sea,8155634,Watersipora subatra,18.5,decision rules,
3,North Sea,3195749,Chorda filum,18,GAM,0.8227785151793843
3,North Sea,2115706,Balanus glandula,17.5,decision rules,
3,North Sea,2320998,Boccardiella hamata,17.5,decision rules,
3,North Sea,2327326,Neodexiospira brasiliensis,17.5,decision rules,
3,North Sea,7547256,Sinelobus vanhaareni,17,decision rules,
3,North Sea,2285504,Yoldia limatula,16.5,GAM,1.454760006489665
3,North Sea,5279568,Agardhiella subulata,16.5,GAM,1.136716103856496
3,North Sea,2666539,Caulacanthus okamurae,16.5,GAM,1.0472287557594298
3,North Sea,1007512,Pacificincola perforata,16,decision rules,
3,North Sea,10444424,Eupyxidicula turris,15.5,decision rules,
3,North Sea,2351174,Coregonus maraena,15,GAM,0.8654797205454655
3,North Sea,5166760,Ammothea hilgendorfi,13.5,GAM,1.132424781650585
3,North Sea,5272096,Codium fragile,13.5,GAM,1.116366310799152
3,North Sea,5273309,Ulva lactuca,13.5,GAM,1.0578080363519453
3,North Sea,2301066,Littorina obtusata,13.5,GAM,1.016118219461815
3,North Sea,2327735,Ficopomatus enigmaticus,13.5,GAM,0.8940386659849339
3,North Sea,3205121,Alexandrium minutum,13.5,GAM,
3,North Sea,6485909,Halisarca dujardinii,13,decision rules,
3,North Sea,8059430,Heleobia charruana,12.5,GAM,1.1260731783343483
3,North Sea,2411944,Atherina boyeri,12.5,GAM,1.025080530840958
3,North Sea,2304415,Urosalpinx cinerea,12.5,GAM,1.0107611282516529
3,North Sea,3196171,Halosiphon tomentosus,12.5,GAM,0.945374971803941
3,North Sea,2662823,Gelidium vagum,12,GAM,1.5928582569677492
3,North Sea,4354937,Botrylloides diegensis,11,GAM,0.7391075446196119
3,North Sea,2266586,Bougainvillia muscus,10.5,GAM,1.0061777579847093
3,North Sea,5962255,Cyclopterus lumpus,10.5,GAM,0.9892599703076322
3,North Sea,9738520,Melanothamnus harveyi,10.5,GAM,0.9892336029849411
3,North Sea,2292354,Tenellia adspersa,10.5,GAM,0.9855459317961512
3,North Sea,2250096,Hymeniacidon perlevis,10.5,GAM,0.984908778163671
3,North Sea,2434806,Halichoerus grypus,10.5,GAM,0.9767021921603831
3,North Sea,5193449,Nucella lapillus,10.5,GAM,0.9653582307453062
3,North Sea,4315705,Dikerogammarus villosus,10.5,GAM,0.9519059694010722
3,North Sea,10478115,Octactis speculum,10.5,GAM,0.9407183044184856
3,North Sea,5195516,Glycera capitata,10.5,GAM,0.932021033081651
3,North Sea,9355965,Thalassiosira punctigera,10.5,GAM,0.9259975163591653
3,North Sea,5422556,Undaria pinnatifida,10.5,GAM,0.910304305190001
3,North Sea,2392508,Sparus aurata,10.5,GAM,0.8910810176379224
3,North Sea,3193498,Thalassiosira nordenskioeldii,10.5,GAM,0.8908483427489493
3,North Sea,4984851,Bugula neritina,10.5,GAM,0.8855595268205777
3,North Sea,2668884,Bonnemaisonia hamifera,10.5,GAM,0.8832858004550027
3,North Sea,3196437,Fucus serratus,10.5,GAM,0.8771274179327908
3,North Sea,2657564,Griffithsia corallinoides,10.5,GAM,0.8731119162095179
3,North Sea,8428595,Bugulina stolonifera,10.5,GAM,0.8652637798475152
3,North Sea,2115769,Austrominius modestus,10.5,GAM,0.8543394159329818
3,North Sea,2225032,Palaemon longirostris,10.5,GAM,0.8231477351634888
3,North Sea,1004580,Aetea truncata,10.5,GAM,0.8001125843246577
3,North Sea,2321010,Marenzelleria neglecta,10.5,GAM,0.7853437013282644
3,North Sea,2321001,Boccardiella ligerica,10.5,GAM,0.7433380075461457
3,North Sea,7644219,Trieres mobiliensis,10.5,GAM,0.7224855054408479
3,North Sea,2329268,Pseudopotamilla reniformis,10.5,GAM,0.685241735636256
3,North Sea,9501293,Chaetoceros concavicornis,10.5,GAM,0.676938642516342
3,North Sea,2220312,Hemimysis anomala,10.5,decision rules,
3,North Sea,8245330,Microspongium stilophorae,10.5,decision rules,
3,North Sea,5716906,Zeuxo holdichi,10,GAM,0.5651982396653559
3,North Sea,4354950,Botrylloides leachii,8.5,GAM,0.868912973843026
3,North Sea,7768737,Pronoctiluca pelagica,8,GAM,0.8733386187307575
3,North Sea,1010024,Schizoporella japonica,7.5,GAM,0.596521975581719
3,North Sea,2204831,Synidotea laticauda,6.5,GAM,1.0212680479088747
3,North Sea,2217353,Monocorophium insidiosum,6,GAM,0.9255025375956659
3,North Sea,2324159,Tharyx killariensis,6,GAM,0.7722048688991352
3,North Sea,4275413,Chaetoceros lorenzianus,6,GAM,0.7635193048431075
3,North Sea,2114921,Pseudocalanus elongatus,6,GAM,0.7014196779494895
3,North Sea,2659108,Dasya baillouviana,6,GAM,0.6877520833506686
3,North Sea,8270004,Peridiniella catenata,6,GAM,0.6829931532660964
3,North Sea,2316942,Nephtys ciliata,6,GAM,0.665203147260138
3,North Sea,2211599,Ianiropsis serricaudis,6,GAM,0.5389153038635307
3,North Sea,5824752,Pseudochattonella farcimen,5.5,GAM,
3,North Sea,2331942,Styela clava,4.5,GAM,0.9830228266335126
3,North Sea,2308987,Syllidia armata,4.5,GAM,0.7996546801048233
3,North Sea,2379089,Neogobius melanostomus,4.5,GAM,0.7785437693096725
3,North Sea,2651922,Karlodinium veneficum,4.5,GAM,0.7734416641050621
3,North Sea,3193833,Lennoxia faveolata,4.5,GAM,0.7701990838061641
3,North Sea,7910173,Alexandrium ostenfeldii,3.5,GAM,0.8825822118456832
3,North Sea,7632200,Alexandrium tamarense,3.5,GAM,0.6855307841093307
3,North Sea,3193505,Ethmodiscus punctiger,2.5,GAM,0.9302046196411756
3,North Sea,5197747,Polydora cornuta,2.5,GAM,0.9245595602006742
3,North Sea,2400863,Chelon labrosus,1.5,GAM,0.8498847914110913
3,North Sea,2293333,Calliostoma zizyphinum,1,GAM,0.85275380936376
3,North Sea,2225772,Hemigrapsus sanguineus,0,GAM,1.0095429401041127
3,North Sea,4601972,Ocinebrellus inornatus,0,GAM,0.970017080845662
3,North Sea,11464313,Sundstroemia setigera,0,GAM,0.8826974949297354
3,North Sea,5189032,Corbicula fluminalis,0,GAM,0.8719710278416177
3,North Sea,5178057,Caprella mutica,0,GAM,0.8602296227235314
3,North Sea,2308668,Tubificoides benedii,0,GAM,0.8588408864880983
3,North Sea,2227605,Pilumnus hirtellus,0,GAM,0.8587348460046953
3,North Sea,2315382,Alitta succinea,0,GAM,0.8476350466165731
3,North Sea,3205951,Lessardia elongata,0,GAM,0.8445379194234932
3,North Sea,2321343,Streblospio benedicti,0,GAM,0.8303433234765164
3,North Sea,3195275,Apedinella radians,0,GAM,0.8262106175319602
3,North Sea,2321199,Scolelepis bonnieri,0,GAM,0.8168973138540427
3,North Sea,5423348,Desmarestia viridis,0,GAM,0.8155330446180675
3,North Sea,5192470,Potamopyrgus antipodarum,0,GAM,0.8053394040110505
3,North Sea,2321152,Scolelepis korsuni,0,GAM,0.8032163519364993
3,North Sea,5185603,Tubularia indivisa,0,GAM,0.7854332578716448
3,North Sea,2337248,Agonus cataphractus,0,GAM,0.7804941757719778
3,North Sea,2331498,Molgula manhattensis,0,GAM,0.7710921847366398
3,North Sea,9802456,Perforatus perforatus,0,GAM,0.7626856102940741
3,North Sea,2251202,Suberites massa,0,GAM,0.7446257899279123
3,North Sea,8108244,Peridiniella danica,0,GAM,0.7316702200301578
3,North Sea,8368630,Prorocentrum cordatum,0,GAM,0.7207160546735157
3,North Sea,4984866,Electra pilosa,0,GAM,0.7205956979627799
3,North Sea,4314683,Chelicorophium curvispinum,0,GAM,0.7123755021201104
3,North Sea,7708032,Dinophysis tripos,0,GAM,0.705974330960666
3,North Sea,3194973,Dinobryon faculiferum,0,GAM,0.7029111853878202
3,North Sea,5421984,Rhizosolenia styliformis,0,GAM,0.6850310528031449
3,North Sea,2330928,Aplidium glabrum,0,GAM,0.6808327543778573
3,North Sea,3193674,Biddulphia rhombus,0,GAM,0.6719794739640148
3,North Sea,2115719,Balanus balanus,0,GAM,0.6689744196118943
3,North Sea,2321466,Dipolydora socialis,0,GAM,0.6421580015102973
3,North Sea,2219149,Grandidierella japonica,0,GAM,0.6412984806984628
3,North Sea,4314702,Monocorophium sextonae,0,GAM,0.6349525794268722
3,North Sea,2220407,Neomysis integer,0,GAM,0.6327981344918608
3,North Sea,4360191,Antiopella cristata,0,GAM,0.6185882987655419
3,North Sea,8187634,Akashiwo sanguinea,0,GAM,0.6140571312737598
3,North Sea,1009018,Microporella ciliata,0,GAM,0.6019579674436879
3,North Sea,2215949,Melita nitida,0,GAM,0.5897621762719488
3,North Sea,2322248,Marphysa sanguinea,0,GAM,0.5856505121030344
3,North Sea,2321463,Dipolydora quadrilobata,0,GAM,0.5655493752020108
3,North Sea,2308676,Tubificoides pseudogaster,0,GAM,0.5625478033577812
3,North Sea,5184341,Cereus pedunculatus,0,GAM,0.5571809988326702
3,North Sea,1005581,Scruparia ambigua,0,GAM,0.548288691147011
3,North Sea,7530747,Oxytoxum criophilum,0,GAM,0.5400578978581022
3,North Sea,2321012,Marenzelleria viridis,0,GAM,0.5397620746041899
3,North Sea,7454879,Karenia mikimotoi,0,GAM,0.5089665464088161
3,North Sea,10559499,Hobaniella longicruris,0,GAM,0.49018157247467076
3,North Sea,5199282,Sabellaria spinulosa,0,GAM,0.4194737502378621
3,North Sea,2688129,Pterosperma cristatum,0,GAM,0.38918933022192204
3,North Sea,4378628,Mediopyxis helysia,0,GAM,0.37653031763351996
3,North Sea,5824749,Pseudochattonella verruculosa,0,GAM,0.29386986335931026
3,North Sea,2114769,Pseudodiaptomus marinus,0,GAM,0.2789666962120491
6,Celtic-Biscay Shelf,2112052,Euterpina acutifrons,31.5,GAM,1.3365639463545953
6,Celtic-Biscay Shelf,2395367,Coryphoblennius galerita,31.5,GAM,1.1485054170748374
6,Celtic-Biscay Shelf,2293076,Haliotis tuberculata,31.5,GAM,1.1462595575893286
6,Celtic-Biscay Shelf,5279603,Solieria chordalis,31.5,GAM,1.1350646655097567
6,Celtic-Biscay Shelf,2225772,Hemigrapsus sanguineus,31.5,GAM,1.10791548010868
6,Celtic-Biscay Shelf,4372686,Ruditapes philippinarum,31.5,GAM,1.086724935851675
6,Celtic-Biscay Shelf,2224979,Palaemon elegans,31.5,GAM,1.0824195609942984
6,Celtic-Biscay Shelf,2287668,Mercenaria mercenaria,31.5,GAM,1.067130035837384
6,Celtic-Biscay Shelf,3196454,Fucus distichus,31.5,GAM,1.061511109500162
6,Celtic-Biscay Shelf,2287615,Petricolaria pholadiformis,31.5,GAM,1.055968763825885
6,Celtic-Biscay Shelf,2330928,Aplidium glabrum,31.5,GAM,1.0327746002713827
6,Celtic-Biscay Shelf,5193449,Nucella lapillus,31.5,GAM,1.0230468375897521
6,Celtic-Biscay Shelf,5178595,Carcinus maenas,24.5,GAM,1.0225778376335712
6,Celtic-Biscay Shelf,2411944,Atherina boyeri,24,GAM,
6,Celtic-Biscay Shelf,4601972,Ocinebrellus inornatus,23,GAM,1.3325319162451486
6,Celtic-Biscay Shelf,3196437,Fucus serratus,22.5,GAM,1.006392760735518
6,Celtic-Biscay Shelf,5273309,Ulva lactuca,22.5,GAM,0.9985765916230034
6,Celtic-Biscay Shelf,5862470,Amphibalanus eburneus,21.5,decision rules,
6,Celtic-Biscay Shelf,2321152,Scolelepis korsuni,21,GAM,0.8067916823154418
6,Celtic-Biscay Shelf,2332123,Asterocarpa humilis,20.5,decision rules,
6,Celtic-Biscay Shelf,5188971,Rangia cuneata,19.5,GAM,1.3017170370242634
6,Celtic-Biscay Shelf,2285504,Yoldia limatula,17.5,GAM,0.340364380634348
6,Celtic-Biscay Shelf,1010024,Schizoporella japonica,17.5,decision rules,
6,Celtic-Biscay Shelf,2331936,Styela canopus,16.5,GAM,
6,Celtic-Biscay Shelf,6531311,Arcuatula senhousia,15.5,GAM,
6,Celtic-Biscay Shelf,4382841,Hemigrapsus takanoi,14,GAM,0.7883148799464248
6,Celtic-Biscay Shelf,2291814,Thecacera pennigera,13.5,GAM,1.0661969355638985
6,Celtic-Biscay Shelf,5279840,Asparagopsis armata,13.5,GAM,1.0512310446637811
6,Celtic-Biscay Shelf,5277734,Polysiphonia morrowii,13,GAM,0.44106795274915267
6,Celtic-Biscay Shelf,5716906,Zeuxo holdichi,12.5,decision rules,
6,Celtic-Biscay Shelf,9802456,Perforatus perforatus,10.5,GAM,0.9825873957755471
6,Celtic-Biscay Shelf,5192721,Truncatella subcylindrica,10.5,GAM,0.9780618321814551
6,Celtic-Biscay Shelf,9736038,Necora puber,10.5,GAM,0.9609980769869265
6,Celtic-Biscay Shelf,2301066,Littorina obtusata,10.5,GAM,0.9598812075870841
6,Celtic-Biscay Shelf,4354937,Botrylloides diegensis,10.5,GAM,0.9371493665846296
6,Celtic-Biscay Shelf,8608139,Tritia neritea,10.5,GAM,0.9249959919486136
6,Celtic-Biscay Shelf,5178057,Caprella mutica,10.5,GAM,0.9215112646269698
6,Celtic-Biscay Shelf,4354941,Botrylloides violaceus,10.5,GAM,0.9147045639317318
6,Celtic-Biscay Shelf,5279276,Sphaerococcus coronopifolius,10.5,GAM,0.903594981330208
6,Celtic-Biscay Shelf,2327735,Ficopomatus enigmaticus,10.5,GAM,0.8775955707540778
6,Celtic-Biscay Shelf,4984851,Bugula neritina,10.5,GAM,0.8340158253129502
6,Celtic-Biscay Shelf,5272096,Codium fragile,10.5,GAM,0.8157950418927229
6,Celtic-Biscay Shelf,5279755,Chondria coerulescens,10.5,GAM,0.8098053483727032
6,Celtic-Biscay Shelf,2658866,Grateloupia subpectinata,10.5,GAM,0.7763891835589265
6,Celtic-Biscay Shelf,1030608,Eusarsiella zostericola,10.5,GAM,0.6482881989788027
6,Celtic-Biscay Shelf,5854375,Mesochaetopterus rogeri,10.5,decision rules,
6,Celtic-Biscay Shelf,1005677,Watersipora subtorquata,9,GAM,0.5151259137989546
6,Celtic-Biscay Shelf,2400863,Chelon labrosus,8,GAM,0.9224915610932305
6,Celtic-Biscay Shelf,7627628,Leathesia marina,7,GAM,0.93906507768605
6,Celtic-Biscay Shelf,8155634,Watersipora subatra,6.5,GAM,0.971871538770469
6,Celtic-Biscay Shelf,7791733,Mya arenaria,6,GAM,0.9107403073101673
6,Celtic-Biscay Shelf,2115620,Chthamalus stellatus,6,GAM,0.9035924043193038
6,Celtic-Biscay Shelf,5210979,Diplodus vulgaris,6,GAM,0.8990872013272995
6,Celtic-Biscay Shelf,2115769,Austrominius modestus,6,GAM,0.8845238779278725
6,Celtic-Biscay Shelf,5184341,Cereus pedunculatus,6,GAM,0.8636302631372542
6,Celtic-Biscay Shelf,2266586,Bougainvillia muscus,6,GAM,0.8225783267030006
6,Celtic-Biscay Shelf,2411424,Lepadogaster candolii,6,GAM,0.8169264281176782
6,Celtic-Biscay Shelf,2293333,Calliostoma zizyphinum,6,GAM,0.7931403774914529
6,Celtic-Biscay Shelf,10478115,Octactis speculum,6,GAM,0.7522457628976431
6,Celtic-Biscay Shelf,2392508,Sparus aurata,6,GAM,0.7226298802429143
6,Celtic-Biscay Shelf,3195749,Chorda filum,6,GAM,0.700414338262005
6,Celtic-Biscay Shelf,5166760,Ammothea hilgendorfi,6,GAM,0.6386180244472736
6,Celtic-Biscay Shelf,2331942,Styela clava,4.5,GAM,0.9039598929575654
6,Celtic-Biscay Shelf,2250096,Hymeniacidon perlevis,4.5,GAM,0.8794500614704865
6,Celtic-Biscay Shelf,5186396,Phoronis hippocrepia,4.5,GAM,0.858601516517126
6,Celtic-Biscay Shelf,2330609,Phallusia mammillata,4.5,GAM,0.8547263489887532
6,Celtic-Biscay Shelf,2320257,Polyophthalmus pictus,4.5,GAM,0.8460060811221258
6,Celtic-Biscay Shelf,5962255,Cyclopterus lumpus,0,GAM,0.9283153817109767
6,Celtic-Biscay Shelf,4360191,Antiopella cristata,0,GAM,0.9266589629278912
6,Celtic-Biscay Shelf,2220407,Neomysis integer,0,GAM,0.8969123299502276
6,Celtic-Biscay Shelf,7811641,Crisularia plumosa,0,GAM,0.8867491073997088
6,Celtic-Biscay Shelf,2227605,Pilumnus hirtellus,0,GAM,0.8792290542157813
6,Celtic-Biscay Shelf,2328603,Sabella spallanzanii,0,GAM,0.871888386744674
6,Celtic-Biscay Shelf,4354950,Botrylloides leachii,0,GAM,0.830526061144753
6,Celtic-Biscay Shelf,7454879,Karenia mikimotoi,0,GAM,0.7604062911198448
6,Celtic-Biscay Shelf,2301629,Calyptraea chinensis,0,GAM,0.758701377453884
6,Celtic-Biscay Shelf,2321199,Scolelepis bonnieri,0,GAM,0.757305922983115
6,Celtic-Biscay Shelf,8187634,Akashiwo sanguinea,0,GAM,0.7561947863756084
6,Celtic-Biscay Shelf,9783517,Peridinium quadridentatum,0,GAM,0.7324957599126561
6,Celtic-Biscay Shelf,4984866,Electra pilosa,0,GAM,0.7301484730096199
6,Celtic-Biscay Shelf,2227300,Procambarus clarkii,0,GAM,0.728950588967564
6,Celtic-Biscay Shelf,4314702,Monocorophium sextonae,0,GAM,0.7281613771132845
6,Celtic-Biscay Shelf,2251202,Suberites massa,0,GAM,0.7232943489653463
6,Celtic-Biscay Shelf,8243780,Trieres regia,0,GAM,0.7139611310396531
6,Celtic-Biscay Shelf,2321463,Dipolydora quadrilobata,0,GAM,0.7137741199039265
6,Celtic-Biscay Shelf,5422556,Undaria pinnatifida,0,GAM,0.7129939357434883
6,Celtic-Biscay Shelf,2337248,Agonus cataphractus,0,GAM,0.7081371927364754
6,Celtic-Biscay Shelf,2666539,Caulacanthus okamurae,0,GAM,0.7045884737011079
6,Celtic-Biscay Shelf,2308668,Tubificoides benedii,0,GAM,0.6890304633348648
6,Celtic-Biscay Shelf,11464313,Sundstroemia setigera,0,GAM,0.6881867001093267
6,Celtic-Biscay Shelf,2668884,Bonnemaisonia hamifera,0,GAM,0.6835565166613163
6,Celtic-Biscay Shelf,5185697,Coryne eximia,0,GAM,0.670542152253814
6,Celtic-Biscay Shelf,5275705,Porphyra umbilicalis,0,GAM,0.6553383992603359
6,Celtic-Biscay Shelf,2115719,Balanus balanus,0,GAM,0.6407361507579847
6,Celtic-Biscay Shelf,9738520,Melanothamnus harveyi,0,GAM,0.638540260059322
6,Celtic-Biscay Shelf,2308676,Tubificoides pseudogaster,0,GAM,0.6370787474683435
6,Celtic-Biscay Shelf,5197747,Polydora cornuta,0,GAM,0.6247112418042142
6,Celtic-Biscay Shelf,5192470,Potamopyrgus antipodarum,0,GAM,0.6208769627543373
6,Celtic-Biscay Shelf,2434806,Halichoerus grypus,0,GAM,0.6170518100508756
6,Celtic-Biscay Shelf,4275413,Chaetoceros lorenzianus,0,GAM,0.59774612692465
6,Celtic-Biscay Shelf,2322248,Marphysa sanguinea,0,GAM,0.5971763741658541
6,Celtic-Biscay Shelf,5421984,Rhizosolenia styliformis,0,GAM,0.5818857891630278
6,Celtic-Biscay Shelf,2657564,Griffithsia corallinoides,0,GAM,0.5646157800200979
6,Celtic-Biscay Shelf,5199282,Sabellaria spinulosa,0,GAM,0.5614311059090022
6,Celtic-Biscay Shelf,5185603,Tubularia indivisa,0,GAM,0.554332028840784
6,Celtic-Biscay Shelf,6485909,Halisarca dujardinii,0,GAM,0.5306377535989492
6,Celtic-Biscay Shelf,1009964,Reptadeonella violacea,0,GAM,0.5224053028131742
6,Celtic-Biscay Shelf,9795553,Sternaspis scutata,0,GAM,0.5204402016926307
6,Celtic-Biscay Shelf,7644219,Trieres mobiliensis,0,GAM,0.47770923581738867
6,Celtic-Biscay Shelf,2315382,Alitta succinea,0,GAM,0.47131052233653387
11,Black Sea,2327735,Ficopomatus enigmaticus,31.5,GAM,1.2192689771369298
11,Black Sea,5229142,Vanellus spinosus,31.5,GAM,1.2073583308920919
11,Black Sea,8608139,Tritia neritea,31.5,GAM,1.1732230517832634
11,Black Sea,2224979,Palaemon elegans,31.5,GAM,1.068261126340983
11,Black Sea,8056718,Syngnathus abaster,30.5,GAM,1.008746427109275
11,Black Sea,6531311,Arcuatula senhousia,27,GAM,1.3411639595125866
11,Black Sea,2395367,Coryphoblennius galerita,26.5,GAM,1.2905540361580636
11,Black Sea,5233152,Beroe ovata,21.5,GAM,1.0393016737433909
11,Black Sea,7791733,Mya arenaria,21,decision rules,
11,Black Sea,5199282,Sabellaria spinulosa,19.5,decision rules,
11,Black Sea,2395735,Parablennius incognitus,18.5,GAM,1.926372458001184
11,Black Sea,5273309,Ulva lactuca,17,decision rules,
11,Black Sea,5192470,Potamopyrgus antipodarum,10.5,GAM,0.9847444340536483
11,Black Sea,2379089,Neogobius melanostomus,10.5,GAM,0.9187319893077114
11,Black Sea,2301629,Calyptraea chinensis,10.5,GAM,0.8708529376524629
11,Black Sea,2227605,Pilumnus hirtellus,10.5,GAM,0.6608948003198677
11,Black Sea,2379295,Pomatoschistus marmoratus,4.5,GAM,0.8256443078490633
11,Black Sea,2411944,Atherina boyeri,4.5,GAM,0.7813159438949479
13,Mediterranean Sea,2393577,Scarus ghobban,31.5,GAM,1.9360725220582813
13,Mediterranean Sea,10906181,Lamprohaminoea ovalis,31.5,GAM,1.5408064170350473
13,Mediterranean Sea,5200315,Branchiomma luctuosum,31.5,GAM,1.5193945577726862
13,Mediterranean Sea,2208629,Paranthura japonica,31.5,GAM,1.5158344529959487
13,Mediterranean Sea,8363171,Pteragogus trispilus,31.5,GAM,1.5053311334695338
13,Mediterranean Sea,2225632,Charybdis hellerii,31.5,GAM,1.463744872643645
13,Mediterranean Sea,4357847,Diodora ruppellii,31.5,GAM,1.4263759705338712
13,Mediterranean Sea,2315466,Pseudonereis anomala,31.5,GAM,1.4216427612864084
13,Mediterranean Sea,4363957,Ergalatax junionae,31.5,GAM,1.4181151115098127
13,Mediterranean Sea,2376481,Millerigobius macrocephalus,31.5,GAM,1.3631076899532382
13,Mediterranean Sea,5854272,Branchiomma bairdi,31.5,GAM,1.3621792379369906
13,Mediterranean Sea,5188945,Anadara transversa,31.5,GAM,1.357765765586753
13,Mediterranean Sea,8920970,Sepioteuthis lessoniana,31.5,GAM,1.3553738288664556
13,Mediterranean Sea,1005675,Watersipora cucullata,31.5,GAM,1.3188836520192422
13,Mediterranean Sea,2397527,Cheilodipterus novemstriatus,31.5,GAM,1.3125359307397255
13,Mediterranean Sea,1010034,Schizoporella errata,31.5,GAM,1.3011934182997424
13,Mediterranean Sea,2115620,Chthamalus stellatus,31.5,GAM,1.2912983557077593
13,Mediterranean Sea,2395157,Scartella cristata,31.5,GAM,1.2898956903927483
13,Mediterranean Sea,2330558,Phallusia nigra,31.5,GAM,1.286674467545034
13,Mediterranean Sea,8052612,Sillago suezensis,31.5,GAM,1.2795240161204255
13,Mediterranean Sea,5862470,Amphibalanus eburneus,31.5,GAM,1.2681736207243846
13,Mediterranean Sea,9802456,Perforatus perforatus,31.5,GAM,1.2520431328054835
13,Mediterranean Sea,2227756,Atergatis roseus,31.5,GAM,1.251302321479031
13,Mediterranean Sea,8767949,Microeuraphia depressa,31.5,GAM,1.2398028182601482
13,Mediterranean Sea,4372070,Chama pacifica,31.5,GAM,1.2275776546018653
13,Mediterranean Sea,2395735,Parablennius incognitus,31.5,GAM,1.226069649467357
13,Mediterranean Sea,2395367,Coryphoblennius galerita,31.5,GAM,1.2151617092679932
13,Mediterranean Sea,8456531,Saurida lessepsianus,31.5,GAM,1.2076239632087051
13,Mediterranean Sea,2374391,Pempheris rhomboidea,31.5,GAM,1.1901653924443325
13,Mediterranean Sea,5620016,Opuntia elatior,31.5,GAM,1.1770631032723138
13,Mediterranean Sea,2390762,Caranx crysos,31.5,GAM,1.173171220925247
13,Mediterranean Sea,2396749,Parupeneus forsskali,31.5,GAM,1.170395940304613
13,Mediterranean Sea,5729648,Spondylus spinosus,31.5,GAM,1.170329722850693
13,Mediterranean Sea,5863622,Portunus segnis,31.5,GAM,1.1641033418342004
13,Mediterranean Sea,5192721,Truncatella subcylindrica,31.5,GAM,1.1635753113826863
13,Mediterranean Sea,2379295,Pomatoschistus marmoratus,31.5,GAM,1.142952893566958
13,Mediterranean Sea,2376059,Zebrus zebrus,31.5,GAM,1.1418645199022237
13,Mediterranean Sea,7791733,Mya arenaria,31.5,GAM,1.1374681225286927
13,Mediterranean Sea,4362895,Cerithium scabridum,31.5,GAM,1.1358084023474995
13,Mediterranean Sea,5855429,Ostrea stentina,31.5,GAM,1.1332015589351783
13,Mediterranean Sea,4341995,Synaptula reciprocans,31.5,GAM,1.1294197838485533
13,Mediterranean Sea,2293076,Haliotis tuberculata,31.5,GAM,1.1279715901850007
13,Mediterranean Sea,5273309,Ulva lactuca,31.5,GAM,1.1265579637421541
13,Mediterranean Sea,8608139,Tritia neritea,31.5,GAM,1.1232288537760793
13,Mediterranean Sea,2223441,Penaeus kerathurus,31.5,GAM,1.1201755426435216
13,Mediterranean Sea,4360148,Melibe viridis,31.5,GAM,1.116810374518002
13,Mediterranean Sea,5715613,Siphonaria pectinata,31.5,GAM,1.1167735733195874
13,Mediterranean Sea,2379964,Nemipterus randalli,31.5,GAM,1.1107649832968782
13,Mediterranean Sea,4372686,Ruditapes philippinarum,31.5,GAM,1.1007987852195202
13,Mediterranean Sea,4374596,Brachidontes pharaonis,31.5,GAM,1.0952021046728733
13,Mediterranean Sea,6519803,Goniobranchus annulatus,31.5,GAM,1.0920752293579075
13,Mediterranean Sea,2356802,Sargocentron rubrum,31.5,GAM,1.0870178119333385
13,Mediterranean Sea,2411944,Atherina boyeri,31.5,GAM,1.0853573739145101
13,Mediterranean Sea,7999925,Atherinomorus forskalii,31.5,GAM,1.083574151417678
13,Mediterranean Sea,6519254,Tayuva lilacina,31.5,GAM,1.0804785009229054
13,Mediterranean Sea,2293333,Calliostoma zizyphinum,31.5,GAM,1.075314802685558
13,Mediterranean Sea,5724049,Gibbula ardens,31.5,GAM,1.0436118874163984
13,Mediterranean Sea,5725688,Bivetiella cancellata,31.5,GAM,1.0405027586908187
13,Mediterranean Sea,7965247,Plotosus lineatus,31.5,GAM,1.033588396259572
13,Mediterranean Sea,2374255,Scomberomorus commerson,28,GAM,
13,Mediterranean Sea,5210979,Diplodus vulgaris,27.5,GAM,1.028710591713395
13,Mediterranean Sea,2217353,Monocorophium insidiosum,27,GAM,0.8962680964223367
13,Mediterranean Sea,2328810,Potamilla torelli,27,GAM,
13,Mediterranean Sea,9088686,Kirkegaardia dorsobranchialis,27,GAM,
13,Mediterranean Sea,2330725,Ecteinascidia turbinata,26.5,GAM,1.0928317163855974
13,Mediterranean Sea,2264603,Cassiopea andromeda,26.5,GAM,1.0902996943333831
13,Mediterranean Sea,5233152,Beroe ovata,26.5,GAM,1.0887771765106078
13,Mediterranean Sea,8018048,Dictyota cyanoloma,25.5,GAM,1.0968109638343262
13,Mediterranean Sea,2115724,Balanus trigonus,25.5,GAM,
13,Mediterranean Sea,5189032,Corbicula fluminalis,25.5,decision rules,
13,Mediterranean Sea,5185431,Aurelia coerulea,25,GAM,1.496032908654586
13,Mediterranean Sea,2332243,Symplegma brakenhielmi,24.5,GAM,1.2252179080018164
13,Mediterranean Sea,2219222,Jassa slatteryi,24.5,GAM,1.024001691914464
13,Mediterranean Sea,4354950,Botrylloides leachii,23.5,decision rules,
13,Mediterranean Sea,6525332,Gafrarium savignyi,22.5,GAM,1.2522287794342633
13,Mediterranean Sea,4360080,Hypselodoris infucata,22.5,GAM,1.089086112844783
13,Mediterranean Sea,2327735,Ficopomatus enigmaticus,22.5,GAM,0.9956829193091027
13,Mediterranean Sea,1009964,Reptadeonella violacea,22.5,GAM,0.9940677973139238
13,Mediterranean Sea,2392508,Sparus aurata,22.5,GAM,0.9933351874391397
13,Mediterranean Sea,5185730,Pennaria disticha,22.5,GAM,0.9884641835840375
13,Mediterranean Sea,2400863,Chelon labrosus,22.5,GAM,0.9856519176894196
13,Mediterranean Sea,7923023,Ova canalifera,22.5,GAM,0.9752528866670027
13,Mediterranean Sea,2665384,Hildenbrandia crouaniorum,22.5,GAM,0.9612845218189974
13,Mediterranean Sea,6489949,Conomurex persicus,22.5,GAM,0.960827133722382
13,Mediterranean Sea,2331936,Styela canopus,22.5,GAM,0.9537089730978451
13,Mediterranean Sea,2413065,Herklotsichthys punctatus,22.5,GAM,0.901067720877383
13,Mediterranean Sea,2330928,Aplidium glabrum,22.5,decision rules,
13,Mediterranean Sea,2378753,Vanderhorstia mertensi,21,decision rules,
13,Mediterranean Sea,4360202,Armina maculata,21,decision rules,
13,Mediterranean Sea,2382872,Pomadasys stridens,20.5,GAM,1.232041949492601
13,Mediterranean Sea,5229142,Vanellus spinosus,19.5,GAM,1.1750671672766444
13,Mediterranean Sea,5166440,Mecynocera clausi,19.5,GAM,1.1583717616947073
13,Mediterranean Sea,5422556,Undaria pinnatifida,19.5,GAM,1.1335278405149969
13,Mediterranean Sea,5178595,Carcinus maenas,19.5,GAM,1.0856422352205752
13,Mediterranean Sea,2330609,Phallusia mammillata,19.5,GAM,1.0467040321318535
13,Mediterranean Sea,2395240,Istiblennius meleagris,19.5,decision rules,
13,Mediterranean Sea,9746127,Biuve fulvipunctata,19.5,decision rules,
13,Mediterranean Sea,10069599,Hazeus ingressus,19.5,decision rules,
13,Mediterranean Sea,2398634,Abudefduf vaigiensis,19,decision rules,
13,Mediterranean Sea,6480320,Planocera ceratommata,18.5,GAM,1.1661296690078442
13,Mediterranean Sea,2216565,Stenothoe gallensis,18.5,decision rules,
13,Mediterranean Sea,2223840,Penaeus aztecus,18.5,decision rules,
13,Mediterranean Sea,2226385,Saron marmoratus,18.5,decision rules,
13,Mediterranean Sea,2393905,Sparisoma cretense,18,GAM,0.9765838825805369
13,Mediterranean Sea,2396797,Upeneus pori,17.5,decision rules,
13,Mediterranean Sea,4984866,Electra pilosa,17.5,decision rules,
13,Mediterranean Sea,5197741,Polydora hoplura,17.5,decision rules,
13,Mediterranean Sea,8337656,Pseudo-nitzschia australis,17.5,decision rules,
13,Mediterranean Sea,4374719,Malleus regula,17,decision rules,
13,Mediterranean Sea,4356092,Ciona robusta,15.5,GAM,1.081458479514105
13,Mediterranean Sea,5200938,Fistularia commersonii,15.5,GAM,1.0320380637932665
13,Mediterranean Sea,2270624,Luidia atlantidea,15.5,decision rules,
13,Mediterranean Sea,2315382,Alitta succinea,15,decision rules,
13,Mediterranean Sea,5193449,Nucella lapillus,15,decision rules,
13,Mediterranean Sea,6519721,Goniobranchus obsoletus,15,decision rules,
13,Mediterranean Sea,7639231,Leucos aula,15,decision rules,
13,Mediterranean Sea,4354941,Botrylloides violaceus,14.5,GAM,1.7003654250508828
13,Mediterranean Sea,6518477,Coryphellina rubrolineata,14.5,decision rules,
13,Mediterranean Sea,7627628,Leathesia marina,14.5,decision rules,
13,Mediterranean Sea,7811641,Crisularia plumosa,14,decision rules,
13,Mediterranean Sea,2411424,Lepadogaster candolii,13.5,GAM,1.2549503359073357
13,Mediterranean Sea,5272096,Codium fragile,13.5,GAM,1.1727620825036449
13,Mediterranean Sea,5279834,Asparagopsis taxiformis,13.5,GAM,1.132849469477497
13,Mediterranean Sea,2227605,Pilumnus hirtellus,13.5,GAM,1.099464133627451
13,Mediterranean Sea,5799065,Matuta victor,13.5,GAM,1.005930677591234
13,Mediterranean Sea,2291791,Polycerella emertoni,13,decision rules,
13,Mediterranean Sea,2331942,Styela clava,13,decision rules,
13,Mediterranean Sea,5824863,Rugulopteryx okamurae,12,GAM,1.6463695603311475
13,Mediterranean Sea,2377493,Gammogobius steinitzi,12,decision rules,
13,Mediterranean Sea,5854375,Mesochaetopterus rogeri,12,decision rules,
13,Mediterranean Sea,8155634,Watersipora subatra,11,GAM,0.5675593110780178
13,Mediterranean Sea,2224979,Palaemon elegans,10.5,GAM,0.9954998218928123
13,Mediterranean Sea,2225783,Percnon gibbesi,10.5,GAM,0.9939994444968204
13,Mediterranean Sea,2407271,Torquigener flavimaculosus,10.5,GAM,0.9813758295659958
13,Mediterranean Sea,9775198,Himantura uarnak,10.5,GAM,0.975313076296417
13,Mediterranean Sea,2388133,Epinephelus caninus,10.5,GAM,0.9681539515524871
13,Mediterranean Sea,5329631,Halophila stipulacea,10.5,GAM,0.9511530785523064
13,Mediterranean Sea,2320257,Polyophthalmus pictus,10.5,GAM,0.9484011008165482
13,Mediterranean Sea,2390262,Siganus luridus,10.5,GAM,0.9475983710518232
13,Mediterranean Sea,5213449,Stephanolepis diaspros,10.5,GAM,0.9356755942408369
13,Mediterranean Sea,5853511,Apogonichthyoides pharaonis,10.5,GAM,0.934090377440729
13,Mediterranean Sea,9680062,Bursatella leachii,10.5,GAM,0.9316125135199061
13,Mediterranean Sea,2264581,Cotylorhiza erythraea,10.5,GAM,0.9278725733167634
13,Mediterranean Sea,2375934,Chromogobius zebratus,10.5,GAM,0.9241192567307509
13,Mediterranean Sea,2301629,Calyptraea chinensis,10.5,GAM,0.913232778705958
13,Mediterranean Sea,2407758,Lagocephalus sceleratus,10.5,GAM,0.8923719646218307
13,Mediterranean Sea,5200658,Herdmania momus,10.5,GAM,0.892320677548138
13,Mediterranean Sea,6531311,Arcuatula senhousia,10.5,GAM,0.882141355704117
13,Mediterranean Sea,5795619,Murex forskoehlii,10.5,GAM,0.8695068996414258
13,Mediterranean Sea,2264530,Phyllorhiza punctata,10.5,GAM,0.868668806055336
13,Mediterranean Sea,2368968,Hemiramphus far,10.5,GAM,0.8676201407278581
13,Mediterranean Sea,4382675,Coleusia signata,10.5,GAM,0.8586659694324482
13,Mediterranean Sea,2643172,Caulerpa taxifolia,10.5,GAM,0.8388840370744928
13,Mediterranean Sea,4361747,Rissoina bertholleti,10.5,GAM,0.8372628626188219
13,Mediterranean Sea,2348104,Aphanius fasciatus,10.5,GAM,0.8357193679601701
13,Mediterranean Sea,2272084,Aquilonastra burtoni,10.5,GAM,0.8143153106045434
13,Mediterranean Sea,7374940,Amphistegina lobifera,10.5,GAM,0.797732170506413
13,Mediterranean Sea,2407748,Lagocephalus guentheri,10.5,GAM,0.7489113805828437
13,Mediterranean Sea,5823941,Palisada perforata,10.5,GAM,0.7137502430404514
13,Mediterranean Sea,2390581,Alepes djedaba,10.5,GAM,0.6982066306908825
13,Mediterranean Sea,3200580,Stypopodium schimperi,10.5,GAM,0.692837481922602
13,Mediterranean Sea,1005677,Watersipora subtorquata,10.5,decision rules,
13,Mediterranean Sea,2375465,Trypauchen vagina,10.5,decision rules,
13,Mediterranean Sea,2394248,Sphyraena flavicauda,10.5,decision rules,
13,Mediterranean Sea,2434806,Halichoerus grypus,10.5,decision rules,
13,Mediterranean Sea,4360357,Phidiana militaris,10.5,decision rules,
13,Mediterranean Sea,4382701,Myra subgranulata,10.5,decision rules,
13,Mediterranean Sea,5197001,Amphinome rostrata,10.5,decision rules,
13,Mediterranean Sea,10894642,Chrysaora pseudoocellata,10.5,decision rules,
13,Mediterranean Sea,2330172,Clavelina oblonga,10,GAM,0.8148172072498291
13,Mediterranean Sea,2216566,Stenothoe georgiana,10,GAM,0.5974307536050965
13,Mediterranean Sea,5192089,Elysia ornata,10,GAM,0.39482837137761695
13,Mediterranean Sea,2332062,Polyandrocarpa zorritensis,9.5,GAM,1.2471300315637115
13,Mediterranean Sea,2390185,Siganus rivulatus,9,GAM,0.5702596494053506
13,Mediterranean Sea,4354937,Botrylloides diegensis,8,GAM,1.181290141480716
13,Mediterranean Sea,5184341,Cereus pedunculatus,6,GAM,0.9267500862276574
13,Mediterranean Sea,5729175,Fulvia fragilis,6,GAM,0.7864758368363318
13,Mediterranean Sea,8056718,Syngnathus abaster,6,GAM,0.7297084127614244
13,Mediterranean Sea,9450610,Septifer cumingii,6,GAM,0.6811383540280215
13,Mediterranean Sea,2266916,Macrorhynchia philippina,6,GAM,0.43571737119499454
13,Mediterranean Sea,4371482,Mactra lilacea,5,GAM,0.2563828733040117
13,Mediterranean Sea,5184825,Oculina patagonica,4.5,GAM,0.945585810367403
13,Mediterranean Sea,5279840,Asparagopsis armata,4.5,GAM,0.8621353840468352
13,Mediterranean Sea,2308987,Syllidia armata,4.5,GAM,0.7432328956109622
13,Mediterranean Sea,2316670,Sigambra parva,4.5,GAM,0.6596863062280349
13,Mediterranean Sea,2250096,Hymeniacidon perlevis,4.5,GAM,0.6369056193301111
13,Mediterranean Sea,2643011,Caulerpa prolifera,3.5,GAM,0.6226872134741742
13,Mediterranean Sea,5185429,Aurelia solida,2,GAM,0.833044652129404
13,Mediterranean Sea,2227300,Procambarus clarkii,1.5,GAM,0.7875065995288842
13,Mediterranean Sea,5721108,Diadema setosum,0,GAM,1.0059444868474954
13,Mediterranean Sea,4360191,Antiopella cristata,0,GAM,0.9428098073020459
13,Mediterranean Sea,4984851,Bugula neritina,0,GAM,0.879229173337187
13,Mediterranean Sea,2376555,Gobius xanthocephalus,0,GAM,0.8728421594828618
13,Mediterranean Sea,2328603,Sabella spallanzanii,0,GAM,0.871323018175993
13,Mediterranean Sea,5181275,Crambe crambe,0,GAM,0.8616866127441523
13,Mediterranean Sea,2334433,Pterois miles,0,GAM,0.8530951985556942
13,Mediterranean Sea,2394271,Sphyraena sphyraena,0,GAM,0.8480008337003931
13,Mediterranean Sea,5186396,Phoronis hippocrepia,0,GAM,0.8221063451290236
13,Mediterranean Sea,9736038,Necora puber,0,GAM,0.8030387675898537
13,Mediterranean Sea,2643131,Caulerpa cylindracea,0,GAM,0.7869726178717168
13,Mediterranean Sea,2264597,Rhopilema nomadica,0,GAM,0.7841522531283923
13,Mediterranean Sea,2330170,Clavelina dellavallei,0,GAM,0.7784296252972797
13,Mediterranean Sea,5192470,Potamopyrgus antipodarum,0,GAM,0.7685020324579575
13,Mediterranean Sea,2396768,Upeneus moluccensis,0,GAM,0.7018083246224349
13,Mediterranean Sea,4362907,Rhinoclavis kochi,0,GAM,0.6803191343102454
13,Mediterranean Sea,9795553,Sternaspis scutata,0,GAM,0.6779311221309733
13,Mediterranean Sea,5279276,Sphaerococcus coronopifolius,0,GAM,0.661377953531123
13,Mediterranean Sea,2251202,Suberites massa,0,GAM,0.6096866222301511
13,Mediterranean Sea,7495282,Marivagia stellata,0,GAM,0.5827223862112444
13,Mediterranean Sea,10638056,Exaiptasia diaphana,0,GAM,0.5638672010772158
13,Mediterranean Sea,8428595,Bugulina stolonifera,0,GAM,0.5610390136205817
13,Mediterranean Sea,4316681,Erugosquilla massavensis,0,GAM,0.5309358135029568
13,Mediterranean Sea,2643288,Halimeda incrassata,0,GAM,0.5189467662789431
14,Iberian Coastal,2395735,Parablennius incognitus,31.5,GAM,1.40452976764584
14,Iberian Coastal,2331942,Styela clava,31.5,GAM,1.244332632726807
14,Iberian Coastal,7791733,Mya arenaria,31.5,GAM,1.2011178615171256
14,Iberian Coastal,2301629,Calyptraea chinensis,31.5,GAM,1.1740630537307177
14,Iberian Coastal,5715613,Siphonaria pectinata,31.5,GAM,1.159296843620953
14,Iberian Coastal,2224979,Palaemon elegans,31.5,GAM,1.1536387466339821
14,Iberian Coastal,5273309,Ulva lactuca,31.5,GAM,1.1510204601342984
14,Iberian Coastal,2293333,Calliostoma zizyphinum,31.5,GAM,1.138511062915627
14,Iberian Coastal,7827743,Phorcus sauciatus,31.5,GAM,1.1092979456058154
14,Iberian Coastal,2227605,Pilumnus hirtellus,31.5,GAM,1.072482327855133
14,Iberian Coastal,2293076,Haliotis tuberculata,31.5,GAM,1.0657921305483973
14,Iberian Coastal,8608139,Tritia neritea,31.5,GAM,1.0629868907857887
14,Iberian Coastal,5184341,Cereus pedunculatus,28,GAM,
14,Iberian Coastal,5272096,Codium fragile,27.5,GAM,1.0263908413482534
14,Iberian Coastal,5191257,Aplysia parvula,27,GAM,0.885311639736989
14,Iberian Coastal,2411944,Atherina boyeri,27,GAM,0.8285910636638777
14,Iberian Coastal,4372686,Ruditapes philippinarum,26.5,GAM,1.1801267792547068
14,Iberian Coastal,1005677,Watersipora subtorquata,26.5,decision rules,
14,Iberian Coastal,6531311,Arcuatula senhousia,26,GAM,
14,Iberian Coastal,5200315,Branchiomma luctuosum,23,GAM,1.7817192523886232
14,Iberian Coastal,2399985,Cynoscion regalis,23,GAM,
14,Iberian Coastal,2395367,Coryphoblennius galerita,22.5,GAM,0.987803101188444
14,Iberian Coastal,2400863,Chelon labrosus,22.5,GAM,0.9675431412516844
14,Iberian Coastal,5192470,Potamopyrgus antipodarum,22.5,GAM,0.9599075312528413
14,Iberian Coastal,5193449,Nucella lapillus,22.5,GAM,0.9359999895850227
14,Iberian Coastal,2392508,Sparus aurata,22.5,GAM,0.8959309148084518
14,Iberian Coastal,5279276,Sphaerococcus coronopifolius,22.5,GAM,0.8595500636269201
14,Iberian Coastal,8018048,Dictyota cyanoloma,22.5,GAM,0.8371775976182074
14,Iberian Coastal,2227300,Procambarus clarkii,22.5,GAM,0.797919389893072
14,Iberian Coastal,2666539,Caulacanthus okamurae,22.5,decision rules,
14,Iberian Coastal,8155634,Watersipora subatra,22.5,decision rules,
14,Iberian Coastal,9493483,Magallana angulata,22.5,decision rules,
14,Iberian Coastal,2115769,Austrominius modestus,22,decision rules,
14,Iberian Coastal,2643011,Caulerpa prolifera,21,GAM,1.5202817817595589
14,Iberian Coastal,4354937,Botrylloides diegensis,21,decision rules,
14,Iberian Coastal,4984851,Bugula neritina,21,decision rules,
14,Iberian Coastal,5824863,Rugulopteryx okamurae,20.5,GAM,2.559458914745676
14,Iberian Coastal,2330725,Ecteinascidia turbinata,20.5,decision rules,
14,Iberian Coastal,3196437,Fucus serratus,19.5,GAM,1.0716924095879488
14,Iberian Coastal,5178057,Caprella mutica,19.5,decision rules,
14,Iberian Coastal,5620016,Opuntia elatior,19.5,decision rules,
14,Iberian Coastal,8416593,Alpheus lobidens,19,GAM,
14,Iberian Coastal,5279834,Asparagopsis taxiformis,18.5,decision rules,
14,Iberian Coastal,5279840,Asparagopsis armata,18,GAM,0.7780827187864692
14,Iberian Coastal,5422556,Undaria pinnatifida,18,GAM,0.7118794449708143
14,Iberian Coastal,2328603,Sabella spallanzanii,17.5,GAM,0.9782056741749878
14,Iberian Coastal,2115724,Balanus trigonus,17.5,decision rules,
14,Iberian Coastal,2264530,Phyllorhiza punctata,17.5,decision rules,
14,Iberian Coastal,2327735,Ficopomatus enigmaticus,17.5,decision rules,
14,Iberian Coastal,4354941,Botrylloides violaceus,17.5,decision rules,
14,Iberian Coastal,4601972,Ocinebrellus inornatus,17.5,decision rules,
14,Iberian Coastal,5192721,Truncatella subcylindrica,17.5,decision rules,
14,Iberian Coastal,2301066,Littorina obtusata,15.5,GAM,1.0241680377303577
14,Iberian Coastal,5178595,Carcinus maenas,15.5,GAM,1.0146394033611381
14,Iberian Coastal,8056718,Syngnathus abaster,15.5,GAM,0.9847313599919202
14,Iberian Coastal,8205774,Baccharis spicata,15.5,decision rules,
14,Iberian Coastal,2381337,Kyphosus vaigiensis,14.5,decision rules,
14,Iberian Coastal,2223441,Penaeus kerathurus,14,decision rules,
14,Iberian Coastal,5181275,Crambe crambe,14,decision rules,
14,Iberian Coastal,2250096,Hymeniacidon perlevis,13,decision rules,
14,Iberian Coastal,4984866,Electra pilosa,10.5,GAM,0.9139478216106189
14,Iberian Coastal,7627628,Leathesia marina,10.5,GAM,0.9059966130023239
14,Iberian Coastal,9736038,Necora puber,10.5,GAM,0.9029125619061896
14,Iberian Coastal,9802456,Perforatus perforatus,10.5,GAM,0.9026451550734191
14,Iberian Coastal,4360191,Antiopella cristata,10.5,GAM,0.891458324017968
14,Iberian Coastal,2434806,Halichoerus grypus,10.5,GAM,0.8672270309440069
14,Iberian Coastal,5279755,Chondria coerulescens,10.5,GAM,0.8449007357488348
14,Iberian Coastal,4356092,Ciona robusta,10.5,decision rules,
14,Iberian Coastal,5186396,Phoronis hippocrepia,10.5,decision rules,
14,Iberian Coastal,5210979,Diplodus vulgaris,9,GAM,0.6774615260528012
14,Iberian Coastal,5712056,Fundulus heteroclitus,8,GAM,0.5503408893930983
14,Iberian Coastal,2330609,Phallusia mammillata,6,GAM,0.7341177402276445
14,Iberian Coastal,2668884,Bonnemaisonia hamifera,6,GAM,0.7191518851742187
14,Iberian Coastal,2376555,Gobius xanthocephalus,6,GAM,0.6933917482717101
14,Iberian Coastal,2411424,Lepadogaster candolii,6,GAM,0.6507394568880421
14,Iberian Coastal,2115620,Chthamalus stellatus,6,GAM,0.5367378553483859
14,Iberian Coastal,8337656,Pseudo-nitzschia australis,0,GAM,0.7057497727528066
14,Iberian Coastal,2666536,Caulacanthus ustulatus,0,GAM,0.6945064752524138
14,Iberian Coastal,4382841,Hemigrapsus takanoi,0,GAM,0.5332821447822009
50,Faroe Plateau,5193449,Nucella lapillus,31.5,GAM,1.4980997679666224
50,Faroe Plateau,5178595,Carcinus maenas,31.5,GAM,1.2322886954745018
50,Faroe Plateau,5962255,Cyclopterus lumpus,24.5,decision rules,
50,Faroe Plateau,2434806,Halichoerus grypus,0,GAM,0.9001731760341791
53,Norwegian Sea,7708032,Dinophysis tripos,31.5,GAM,1.2577317681665898
53,Norwegian Sea,2224979,Palaemon elegans,31.5,GAM,1.233562222598334
53,Norwegian Sea,2293333,Calliostoma zizyphinum,31.5,GAM,1.2000257672745975
53,Norwegian Sea,5192470,Potamopyrgus antipodarum,31.5,GAM,1.1738432640519567
53,Norwegian Sea,5178595,Carcinus maenas,31.5,GAM,1.1604755381714318
53,Norwegian Sea,3196387,Fucus evanescens,31.5,GAM,1.1417064892725088
53,Norwegian Sea,11464313,Sundstroemia setigera,31.5,GAM,1.1021665309361133
53,Norwegian Sea,3196454,Fucus distichus,31.5,GAM,1.0966562217028297
53,Norwegian Sea,5962255,Cyclopterus lumpus,31.5,GAM,1.056911632873509
53,Norwegian Sea,3195275,Apedinella radians,27,GAM,
53,Norwegian Sea,9795553,Sternaspis scutata,27,decision rules,
53,Norwegian Sea,3196171,Halosiphon tomentosus,23,decision rules,
53,Norwegian Sea,2324159,Tharyx killariensis,22.5,GAM,1.2280427700290453
53,Norwegian Sea,2328792,Euchone incolor,21,decision rules,
53,Norwegian Sea,5275705,Porphyra umbilicalis,20.5,decision rules,
53,Norwegian Sea,2434806,Halichoerus grypus,19.5,GAM,1.0242774456901476
53,Norwegian Sea,4984866,Electra pilosa,18,GAM,0.7114294912472876
53,Norwegian Sea,2321463,Dipolydora quadrilobata,17.5,GAM,0.9585883955391596
53,Norwegian Sea,1010024,Schizoporella japonica,17.5,decision rules,
53,Norwegian Sea,8368630,Prorocentrum cordatum,17.5,decision rules,
53,Norwegian Sea,3205951,Lessardia elongata,16,decision rules,
53,Norwegian Sea,7768737,Pronoctiluca pelagica,16,decision rules,
53,Norwegian Sea,3199757,Pylaiella littoralis,15.5,GAM,1.0203208342479864
53,Norwegian Sea,5279276,Sphaerococcus coronopifolius,15.5,decision rules,
53,Norwegian Sea,3205121,Alexandrium minutum,15,decision rules,
53,Norwegian Sea,2321466,Dipolydora socialis,13.5,GAM,1.00305068554225
53,Norwegian Sea,7791733,Mya arenaria,10.5,GAM,1.002951713185753
53,Norwegian Sea,2337248,Agonus cataphractus,10.5,GAM,0.9729796440141116
53,Norwegian Sea,5185603,Tubularia indivisa,10.5,GAM,0.9657128531975857
53,Norwegian Sea,2668884,Bonnemaisonia hamifera,10.5,GAM,0.9518821881517217
53,Norwegian Sea,10478115,Octactis speculum,10.5,GAM,0.8721937621490918
53,Norwegian Sea,2115719,Balanus balanus,10.5,GAM,0.7800718980985646
53,Norwegian Sea,1005581,Scruparia ambigua,10.5,decision rules,
53,Norwegian Sea,2227605,Pilumnus hirtellus,10.5,decision rules,
53,Norwegian Sea,2651922,Karlodinium veneficum,10.5,decision rules,
53,Norwegian Sea,2688129,Pterosperma cristatum,10.5,decision rules,
53,Norwegian Sea,3194973,Dinobryon faculiferum,10.5,decision rules,
53,Norwegian Sea,3199521,Ectocarpus siliculosus,10.5,decision rules,
53,Norwegian Sea,5423348,Desmarestia viridis,10.5,decision rules,
53,Norwegian Sea,7910173,Alexandrium ostenfeldii,10.5,decision rules,
53,Norwegian Sea,5178057,Caprella mutica,9,GAM,
53,Norwegian Sea,5193449,Nucella lapillus,6,GAM,0.8611531815218716
53,Norwegian Sea,7627628,Leathesia marina,6,GAM,0.8079641215545369
53,Norwegian Sea,9338680,Scrippsiella acuminata,6,GAM,0.5650861061008242
53,Norwegian Sea,5195516,Glycera capitata,6,GAM,0.46090970943610604
53,Norwegian Sea,5421984,Rhizosolenia styliformis,4.5,GAM,1.0056944626176774
53,Norwegian Sea,5273309,Ulva lactuca,4.5,GAM,0.9812248657644282
53,Norwegian Sea,2321152,Scolelepis korsuni,4.5,GAM,0.9325084746330382
53,Norwegian Sea,2329268,Pseudopotamilla reniformis,4.5,GAM,0.8053449354064696
53,Norwegian Sea,5272096,Codium fragile,0,GAM,0.9449517796526946
53,Norwegian Sea,3195749,Chorda filum,0,GAM,0.9049781186778206
53,Norwegian Sea,2308668,Tubificoides benedii,0,GAM,0.9035222710095623
53,Norwegian Sea,2308987,Syllidia armata,0,GAM,0.7722841745230036
53,Norwegian Sea,2301066,Littorina obtusata,0,GAM,0.7685804858284998
53,Norwegian Sea,2316942,Nephtys ciliata,0,GAM,0.7583261625275509
53,Norwegian Sea,3193498,Thalassiosira nordenskioeldii,0,GAM,0.681249011301723
53,Norwegian Sea,7632200,Alexandrium tamarense,0,GAM,0.6561486546657982
53,Norwegian Sea,3196437,Fucus serratus,0,GAM,0.6503931415848181
53,Norwegian Sea,7454879,Karenia mikimotoi,0,GAM,0.633743683626759
54,Barents Sea,5962255,Cyclopterus lumpus,31.5,GAM,1.2074591410192343
54,Barents Sea,3199757,Pylaiella littoralis,31.5,GAM,1.1957003653250264
54,Barents Sea,3199521,Ectocarpus siliculosus,31.5,GAM,1.172623170966839
54,Barents Sea,5275705,Porphyra umbilicalis,31.5,GAM,1.1631126343116902
54,Barents Sea,3196171,Halosiphon tomentosus,31.5,GAM,1.1201392395506082
54,Barents Sea,2337248,Agonus cataphractus,31.5,GAM,1.104895144357107
54,Barents Sea,2434806,Halichoerus grypus,31.5,GAM,1.0814591978242998
54,Barents Sea,3195749,Chorda filum,31.5,GAM,1.0789884352327064
54,Barents Sea,5273309,Ulva lactuca,31.5,GAM,1.0785209605477692
54,Barents Sea,7791733,Mya arenaria,31.5,GAM,1.054638993729973
54,Barents Sea,2321463,Dipolydora quadrilobata,31.5,GAM,1.0236136442907273
54,Barents Sea,2308668,Tubificoides benedii,27.5,GAM,1.0127312479751536
54,Barents Sea,5185846,Tiaropsis multicirrata,27.5,GAM,
54,Barents Sea,5185603,Tubularia indivisa,26,GAM,
54,Barents Sea,3205121,Alexandrium minutum,23,GAM,0.7701924875940649
54,Barents Sea,3196387,Fucus evanescens,22.5,GAM,0.8126317278770222
54,Barents Sea,2328792,Euchone incolor,21,decision rules,
54,Barents Sea,3196454,Fucus distichus,21,decision rules,
54,Barents Sea,8270004,Peridiniella catenata,20,decision rules,
54,Barents Sea,7708032,Dinophysis tripos,15.5,GAM,1.0758252887323894
54,Barents Sea,4275399,Chaetoceros tortissimus,15.5,decision rules,
54,Barents Sea,5421557,Coscinodiscus wailesii,14.5,decision rules,
54,Barents Sea,2226639,Chionoecetes opilio,13,decision rules,
54,Barents Sea,5178057,Caprella mutica,12.5,GAM,0.8516007865717876
54,Barents Sea,3195275,Apedinella radians,11.5,decision rules,
54,Barents Sea,5195516,Glycera capitata,10.5,GAM,1.0063487715580042
54,Barents Sea,2301066,Littorina obtusata,10.5,GAM,0.9529927101673421
54,Barents Sea,2224359,Paralithodes camtschaticus,10.5,GAM,0.9469768405784943
54,Barents Sea,2321152,Scolelepis korsuni,10.5,GAM,0.9155366194451687
54,Barents Sea,2115719,Balanus balanus,10.5,GAM,0.8585789610705188
54,Barents Sea,2324159,Tharyx killariensis,10.5,GAM,0.815100406252368
54,Barents Sea,3193498,Thalassiosira nordenskioeldii,10.5,GAM,0.8024305556700486
54,Barents Sea,7530747,Oxytoxum criophilum,10.5,GAM,0.7098257329890523
54,Barents Sea,7910173,Alexandrium ostenfeldii,10.5,decision rules,
54,Barents Sea,8187634,Akashiwo sanguinea,10.5,decision rules,
54,Barents Sea,5233166,Mertensia ovum,8.5,GAM,0.7427139838841755
54,Barents Sea,4275413,Chaetoceros lorenzianus,8,GAM,0.6194489170563066
54,Barents Sea,2329268,Pseudopotamilla reniformis,6,GAM,0.6259854351851197
54,Barents Sea,2308987,Syllidia armata,6,GAM,0.5879536447434536
54,Barents Sea,5423348,Desmarestia viridis,4.5,GAM,0.9554425864945758
54,Barents Sea,2688129,Pterosperma cristatum,4.5,GAM,0.7247715028067446
54,Barents Sea,5178595,Carcinus maenas,0,GAM,0.9440295678798005
54,Barents Sea,2316942,Nephtys ciliata,0,GAM,0.9247445400339971
54,Barents Sea,7627628,Leathesia marina,0,GAM,0.8699183044400467
54,Barents Sea,5193449,Nucella lapillus,0,GAM,0.8388255576288295
54,Barents Sea,5272096,Codium fragile,0,GAM,0.8175178036202319
54,Barents Sea,3196437,Fucus serratus,0,GAM,0.8119133774491283
54,Barents Sea,4984866,Electra pilosa,0,GAM,0.8104783648415411
54,Barents Sea,2321466,Dipolydora socialis,0,GAM,0.7102368423694766
54,Barents Sea,11464313,Sundstroemia setigera,0,GAM,0.6879821811128797
54,Barents Sea,3194973,Dinobryon faculiferum,0,GAM,0.658672016860084
54,Barents Sea,3205951,Lessardia elongata,0,GAM,0.6550137662742224
54,Barents Sea,5421984,Rhizosolenia styliformis,0,GAM,0.6386737489064578
54,Barents Sea,7768737,Pronoctiluca pelagica,0,GAM,0.5754199347031324
54,Barents Sea,10478115,Octactis speculum,0,GAM,0.5598244677334374
54,Barents Sea,8368630,Prorocentrum cordatum,0,GAM,0.5404448802315606
54,Barents Sea,2651922,Karlodinium veneficum,0,GAM,0.35791393234016206
54,Barents Sea,7454879,Karenia mikimotoi,0,GAM,0.27780624022625766
54,Barents Sea,9501293,Chaetoceros concavicornis,0,GAM,0.24588340100167136
