species_key,species_name,lme_id,lme_name
4309906,Alpheus dentipes,14,Iberian Coastal
8416593,Alpheus lobidens,14,Iberian Coastal
7446481,Amathia verticillata,14,Iberian Coastal
5188926,Anomia ephippium,14,Iberian Coastal
4360191,Antiopella cristata,14,Iberian Coastal
9025372,Aplus dorbignyi,14,Iberian Coastal
4361146,Aporrhais pespelecani,14,Iberian Coastal
6531311,Arcuatula senhousia,14,Iberian Coastal
3196524,Ascophyllum nodosum,14,Iberian Coastal
5279840,Asparagopsis armata,14,Iberian Coastal
5279834,Asparagopsis taxiformis,14,Iberian Coastal
7765831,Asterias rubens,14,Iberian Coastal
2115769,Austrominius modestus,14,Iberian Coastal
8205774,Baccharis spicata,14,Iberian Coastal
2115724,Balanus trigonus,14,Iberian Coastal
4366020,Bolinus brandaris,14,Iberian Coastal
2668884,Bonnemaisonia hamifera,14,Iberian Coastal
4354937,Botrylloides diegensis,14,Iberian Coastal
5200315,Branchiomma luctuosum,14,Iberian Coastal
2225646,Callinectes sapidus,14,Iberian Coastal
2293333,Calliostoma zizyphinum,14,Iberian Coastal
2301629,Calyptraea chinensis,14,Iberian Coastal
5178057,Caprella mutica,14,Iberian Coastal
5178595,Carcinus maenas,14,Iberian Coastal
2666539,Caulacanthus okamurae,14,Iberian Coastal
2666536,Caulacanthus ustulatus,14,Iberian Coastal
2643011,Caulerpa prolifera,14,Iberian Coastal
2383720,Centrolabrus exoletus,14,Iberian Coastal
5184341,Cereus pedunculatus,14,Iberian Coastal
2306710,Chaetopleura angulata,14,Iberian Coastal
5270682,Chara connivens,14,Iberian Coastal
2336774,Chelidonichthys lucerna,14,Iberian Coastal
2400863,Chelon labrosus,14,Iberian Coastal
5279755,Chondria coerulescens,14,Iberian Coastal
2115620,Chthamalus stellatus,14,Iberian Coastal
5272096,Codium fragile,14,Iberian Coastal
3197970,Colpomenia peregrina,14,Iberian Coastal
8190231,Corbicula fluminea,14,Iberian Coastal
2395367,Coryphoblennius galerita,14,Iberian Coastal
5192789,Crepidula fornicata,14,Iberian Coastal
4360387,Crepipatella dilatata,14,Iberian Coastal
5727801,Cymbium olla,14,Iberian Coastal
2399985,Cynoscion regalis,14,Iberian Coastal
4286975,Cyprinus carpio,14,Iberian Coastal
2392664,Dentex gibbosus,14,Iberian Coastal
8018048,Dictyota cyanoloma,14,Iberian Coastal
5423480,Dictyota dichotoma,14,Iberian Coastal
7707408,Didemnum vexillum,14,Iberian Coastal
7957037,Dinophysis caudata,14,Iberian Coastal
5210979,Diplodus vulgaris,14,Iberian Coastal
2331256,Distaplia bermudensis,14,Iberian Coastal
4984866,Electra pilosa,14,Iberian Coastal
8485639,Ensis leei,14,Iberian Coastal
2225776,Eriocheir sinensis,14,Iberian Coastal
2578507,Erysiphe corylacearum,14,Iberian Coastal
2327735,Ficopomatus enigmaticus,14,Iberian Coastal
3196437,Fucus serratus,14,Iberian Coastal
3196369,Fucus spiralis,14,Iberian Coastal
5712056,Fundulus heteroclitus,14,Iberian Coastal
8187685,Gobius cruentatus,14,Iberian Coastal
2376555,Gobius xanthocephalus,14,Iberian Coastal
2658889,Grateloupia turuturu,14,Iberian Coastal
2293076,Haliotis tuberculata,14,Iberian Coastal
4382841,Hemigrapsus takanoi,14,Iberian Coastal
4366460,Hexaplex trunculus,14,Iberian Coastal
2250096,Hymeniacidon perlevis,14,Iberian Coastal
2661140,Laurencia dendroidea,14,Iberian Coastal
7627628,Leathesia marina,14,Iberian Coastal
2411424,Lepadogaster candolii,14,Iberian Coastal
5175631,Ligia oceanica,14,Iberian Coastal
2392647,Lithognathus mormyrus,14,Iberian Coastal
2301117,Littorina littorea,14,Iberian Coastal
2301066,Littorina obtusata,14,Iberian Coastal
8116657,Littorina saxatilis,14,Iberian Coastal
9493483,Magallana angulata,14,Iberian Coastal
7820753,Magallana gigas,14,Iberian Coastal
1335213,Megachile sculpturalis,14,Iberian Coastal
5200696,Microcosmus squamiger,14,Iberian Coastal
7791733,Mya arenaria,14,Iberian Coastal
8288896,Mytilus edulis,14,Iberian Coastal
5193449,Nucella lapillus,14,Iberian Coastal
4601972,Ocinebrellus inornatus,14,Iberian Coastal
5620016,Opuntia elatior,14,Iberian Coastal
2286060,Ostrea edulis,14,Iberian Coastal
2224979,Palaemon elegans,14,Iberian Coastal
2395735,Parablennius incognitus,14,Iberian Coastal
2237923,Paraleucilla magna,14,Iberian Coastal
2285980,Pecten maximus,14,Iberian Coastal
2223441,Penaeus kerathurus,14,Iberian Coastal
9802456,Perforatus perforatus,14,Iberian Coastal
2330609,Phallusia mammillata,14,Iberian Coastal
7992320,Phorcus lineatus,14,Iberian Coastal
7827743,Phorcus sauciatus,14,Iberian Coastal
5186396,Phoronis hippocrepia,14,Iberian Coastal
2264530,Phyllorhiza punctata,14,Iberian Coastal
2227605,Pilumnus hirtellus,14,Iberian Coastal
2227612,Pilumnus spinifer,14,Iberian Coastal
2382461,Pomadasys incisus,14,Iberian Coastal
5192470,Potamopyrgus antipodarum,14,Iberian Coastal
2227300,Procambarus clarkii,14,Iberian Coastal
2285333,Pteria hirundo,14,Iberian Coastal
2426760,Rana dalmatina,14,Iberian Coastal
4372687,Ruditapes decussatus,14,Iberian Coastal
4372686,Ruditapes philippinarum,14,Iberian Coastal
5824863,Rugulopteryx okamurae,14,Iberian Coastal
2328603,Sabella spallanzanii,14,Iberian Coastal
2412864,Sardinella aurita,14,Iberian Coastal
3197314,Sargassum muticum,14,Iberian Coastal
2392628,Sarpa salpa,14,Iberian Coastal
5715613,Siphonaria pectinata,14,Iberian Coastal
2392508,Sparus aurata,14,Iberian Coastal
9517779,Steromphala adansonii,14,Iberian Coastal
10673702,Steromphala albida,14,Iberian Coastal
9514986,Steromphala cineraria,14,Iberian Coastal
9471950,Steromphala umbilicalis,14,Iberian Coastal
2304357,Stramonita haemastoma,14,Iberian Coastal
2331942,Styela clava,14,Iberian Coastal
2331954,Styela plicata,14,Iberian Coastal
8056718,Syngnathus abaster,14,Iberian Coastal
8492140,Tritia corniculum,14,Iberian Coastal
8608139,Tritia neritea,14,Iberian Coastal
5192721,Truncatella subcylindrica,14,Iberian Coastal
5273309,Ulva lactuca,14,Iberian Coastal
5422556,Undaria pinnatifida,14,Iberian Coastal
4086523,Verbena incompta,14,Iberian Coastal
4805564,Amphibalanus amphitrite,14,Iberian Coastal
5212973,Anguilla anguilla,14,Iberian Coastal
5191257,Aplysia parvula,14,Iberian Coastal
2411944,Atherina boyeri,14,Iberian Coastal
4354941,Botrylloides violaceus,14,Iberian Coastal
5200757,Botryllus schlosseri,14,Iberian Coastal
4984851,Bugula neritina,14,Iberian Coastal
4356092,Ciona robusta,14,Iberian Coastal
2330198,Clavelina lepadiformis,14,Iberian Coastal
5181275,Crambe crambe,14,Iberian Coastal
5422862,Cutleria multifida,14,Iberian Coastal
2330725,Ecteinascidia turbinata,14,Iberian Coastal
2381337,Kyphosus vaigiensis,14,Iberian Coastal
4374605,Mytilaster minimus,14,Iberian Coastal
9736038,Necora puber,14,Iberian Coastal
5279276,Sphaerococcus coronopifolius,14,Iberian Coastal
8155634,Watersipora subatra,14,Iberian Coastal
1005677,Watersipora subtorquata,14,Iberian Coastal
2434806,Halichoerus grypus,14,Iberian Coastal
2267500,Aequorea vitrina,6,Celtic-Biscay Shelf
2337248,Agonus cataphractus,6,Celtic-Biscay Shelf
8187634,Akashiwo sanguinea,6,Celtic-Biscay Shelf
2315382,Alitta succinea,6,Celtic-Biscay Shelf
2315395,Alitta virens,6,Celtic-Biscay Shelf
7446481,Amathia verticillata,6,Celtic-Biscay Shelf
5166760,Ammothea hilgendorfi,6,Celtic-Biscay Shelf
5862470,Amphibalanus eburneus,6,Celtic-Biscay Shelf
5188926,Anomia ephippium,6,Celtic-Biscay Shelf
4360191,Antiopella cristata,6,Celtic-Biscay Shelf
6460808,Aoroides longimerus,6,Celtic-Biscay Shelf
2323931,Aphelochaeta marioni,6,Celtic-Biscay Shelf
2330928,Aplidium glabrum,6,Celtic-Biscay Shelf
4361146,Aporrhais pespelecani,6,Celtic-Biscay Shelf
6531311,Arcuatula senhousia,6,Celtic-Biscay Shelf
5200467,Ascidiella aspersa,6,Celtic-Biscay Shelf
3196524,Ascophyllum nodosum,6,Celtic-Biscay Shelf
5279840,Asparagopsis armata,6,Celtic-Biscay Shelf
7765831,Asterias rubens,6,Celtic-Biscay Shelf
2332123,Asterocarpa humilis,6,Celtic-Biscay Shelf
2115769,Austrominius modestus,6,Celtic-Biscay Shelf
2115719,Balanus balanus,6,Celtic-Biscay Shelf
7577557,Bispira polyomma,6,Celtic-Biscay Shelf
2668884,Bonnemaisonia hamifera,6,Celtic-Biscay Shelf
4354937,Botrylloides diegensis,6,Celtic-Biscay Shelf
4354950,Botrylloides leachii,6,Celtic-Biscay Shelf
2266586,Bougainvillia muscus,6,Celtic-Biscay Shelf
9817665,Branchiomma bombyx,6,Celtic-Biscay Shelf
2225646,Callinectes sapidus,6,Celtic-Biscay Shelf
2293333,Calliostoma zizyphinum,6,Celtic-Biscay Shelf
4360210,Calma gobioophaga,6,Celtic-Biscay Shelf
2301629,Calyptraea chinensis,6,Celtic-Biscay Shelf
5178057,Caprella mutica,6,Celtic-Biscay Shelf
5178595,Carcinus maenas,6,Celtic-Biscay Shelf
2666539,Caulacanthus okamurae,6,Celtic-Biscay Shelf
1004642,Celleporaria brunnea,6,Celtic-Biscay Shelf
2383720,Centrolabrus exoletus,6,Celtic-Biscay Shelf
5184341,Cereus pedunculatus,6,Celtic-Biscay Shelf
4275413,Chaetoceros lorenzianus,6,Celtic-Biscay Shelf
2336774,Chelidonichthys lucerna,6,Celtic-Biscay Shelf
2400863,Chelon labrosus,6,Celtic-Biscay Shelf
5279755,Chondria coerulescens,6,Celtic-Biscay Shelf
3195749,Chorda filum,6,Celtic-Biscay Shelf
1006372,Chorizopora brongniartii,6,Celtic-Biscay Shelf
2115620,Chthamalus stellatus,6,Celtic-Biscay Shelf
2329622,Ciona intestinalis,6,Celtic-Biscay Shelf
5272096,Codium fragile,6,Celtic-Biscay Shelf
3197970,Colpomenia peregrina,6,Celtic-Biscay Shelf
8190231,Corbicula fluminea,6,Celtic-Biscay Shelf
2266009,Cordylophora caspia,6,Celtic-Biscay Shelf
5200463,Corella eumyota,6,Celtic-Biscay Shelf
5185697,Coryne eximia,6,Celtic-Biscay Shelf
2395367,Coryphoblennius galerita,6,Celtic-Biscay Shelf
5362054,Crassula helmsii,6,Celtic-Biscay Shelf
2264633,Craterolophus convolvulus,6,Celtic-Biscay Shelf
5192789,Crepidula fornicata,6,Celtic-Biscay Shelf
7811641,Crisularia plumosa,6,Celtic-Biscay Shelf
5962255,Cyclopterus lumpus,6,Celtic-Biscay Shelf
4286975,Cyprinus carpio,6,Celtic-Biscay Shelf
4283395,Diadumene lineata,6,Celtic-Biscay Shelf
5423480,Dictyota dichotoma,6,Celtic-Biscay Shelf
7707408,Didemnum vexillum,6,Celtic-Biscay Shelf
7957037,Dinophysis caudata,6,Celtic-Biscay Shelf
5210979,Diplodus vulgaris,6,Celtic-Biscay Shelf
2321463,Dipolydora quadrilobata,6,Celtic-Biscay Shelf
2287072,Dreissena polymorpha,6,Celtic-Biscay Shelf
2265658,Ectopleura crocea,6,Celtic-Biscay Shelf
4984866,Electra pilosa,6,Celtic-Biscay Shelf
8485639,Ensis leei,6,Celtic-Biscay Shelf
2225776,Eriocheir sinensis,6,Celtic-Biscay Shelf
1030608,Eusarsiella zostericola,6,Celtic-Biscay Shelf
2112052,Euterpina acutifrons,6,Celtic-Biscay Shelf
2327735,Ficopomatus enigmaticus,6,Celtic-Biscay Shelf
3196454,Fucus distichus,6,Celtic-Biscay Shelf
3196437,Fucus serratus,6,Celtic-Biscay Shelf
3196369,Fucus spiralis,6,Celtic-Biscay Shelf
2376538,Gobius couchi,6,Celtic-Biscay Shelf
8187685,Gobius cruentatus,6,Celtic-Biscay Shelf
5278964,Gracilaria vermiculophylla,6,Celtic-Biscay Shelf
2658866,Grateloupia subpectinata,6,Celtic-Biscay Shelf
2658889,Grateloupia turuturu,6,Celtic-Biscay Shelf
2657564,Griffithsia corallinoides,6,Celtic-Biscay Shelf
5182309,Haliclona urceolus,6,Celtic-Biscay Shelf
5182166,Haliclona cinerea,6,Celtic-Biscay Shelf
2293076,Haliotis tuberculata,6,Celtic-Biscay Shelf
6485909,Halisarca dujardinii,6,Celtic-Biscay Shelf
2225772,Hemigrapsus sanguineus,6,Celtic-Biscay Shelf
4382841,Hemigrapsus takanoi,6,Celtic-Biscay Shelf
2250096,Hymeniacidon perlevis,6,Celtic-Biscay Shelf
2219218,Jassa marmorata,6,Celtic-Biscay Shelf
7627628,Leathesia marina,6,Celtic-Biscay Shelf
2411424,Lepadogaster candolii,6,Celtic-Biscay Shelf
5175631,Ligia oceanica,6,Celtic-Biscay Shelf
2392647,Lithognathus mormyrus,6,Celtic-Biscay Shelf
2301117,Littorina littorea,6,Celtic-Biscay Shelf
2301066,Littorina obtusata,6,Celtic-Biscay Shelf
8116657,Littorina saxatilis,6,Celtic-Biscay Shelf
7820753,Magallana gigas,6,Celtic-Biscay Shelf
2322248,Marphysa sanguinea,6,Celtic-Biscay Shelf
9738520,Melanothamnus harveyi,6,Celtic-Biscay Shelf
2287668,Mercenaria mercenaria,6,Celtic-Biscay Shelf
5854375,Mesochaetopterus rogeri,6,Celtic-Biscay Shelf
5200696,Microcosmus squamiger,6,Celtic-Biscay Shelf
2501248,Mnemiopsis leidyi,6,Celtic-Biscay Shelf
7791733,Mya arenaria,6,Celtic-Biscay Shelf
2287076,Mytilopsis leucophaeata,6,Celtic-Biscay Shelf
8288896,Mytilus edulis,6,Celtic-Biscay Shelf
2220407,Neomysis integer,6,Celtic-Biscay Shelf
5193449,Nucella lapillus,6,Celtic-Biscay Shelf
4601972,Ocinebrellus inornatus,6,Celtic-Biscay Shelf
10478115,Octactis speculum,6,Celtic-Biscay Shelf
2286060,Ostrea edulis,6,Celtic-Biscay Shelf
2258604,Pachycerianthus multiplicatus,6,Celtic-Biscay Shelf
2224979,Palaemon elegans,6,Celtic-Biscay Shelf
2224970,Palaemon macrodactylus,6,Celtic-Biscay Shelf
2285980,Pecten maximus,6,Celtic-Biscay Shelf
9802456,Perforatus perforatus,6,Celtic-Biscay Shelf
9783517,Peridinium quadridentatum,6,Celtic-Biscay Shelf
2316069,Perinereis cultrifera,6,Celtic-Biscay Shelf
2287615,Petricolaria pholadiformis,6,Celtic-Biscay Shelf
2330609,Phallusia mammillata,6,Celtic-Biscay Shelf
7992320,Phorcus lineatus,6,Celtic-Biscay Shelf
5186396,Phoronis hippocrepia,6,Celtic-Biscay Shelf
2227605,Pilumnus hirtellus,6,Celtic-Biscay Shelf
5200501,Polyclinum aurantium,6,Celtic-Biscay Shelf
5197747,Polydora cornuta,6,Celtic-Biscay Shelf
2320257,Polyophthalmus pictus,6,Celtic-Biscay Shelf
5275705,Porphyra umbilicalis,6,Celtic-Biscay Shelf
5192470,Potamopyrgus antipodarum,6,Celtic-Biscay Shelf
2227300,Procambarus clarkii,6,Celtic-Biscay Shelf
2320993,Pseudopolydora paucibranchiata,6,Celtic-Biscay Shelf
2285333,Pteria hirundo,6,Celtic-Biscay Shelf
2419426,Pteroplatytrygon violacea,6,Celtic-Biscay Shelf
2331816,Pyura tessellata,6,Celtic-Biscay Shelf
2426760,Rana dalmatina,6,Celtic-Biscay Shelf
5188971,Rangia cuneata,6,Celtic-Biscay Shelf
4363583,Rapana venosa,6,Celtic-Biscay Shelf
2265079,Rathkea octopunctata,6,Celtic-Biscay Shelf
1009964,Reptadeonella violacea,6,Celtic-Biscay Shelf
5421984,Rhizosolenia styliformis,6,Celtic-Biscay Shelf
4372687,Ruditapes decussatus,6,Celtic-Biscay Shelf
4372686,Ruditapes philippinarum,6,Celtic-Biscay Shelf
2328603,Sabella spallanzanii,6,Celtic-Biscay Shelf
5199282,Sabellaria spinulosa,6,Celtic-Biscay Shelf
3197314,Sargassum muticum,6,Celtic-Biscay Shelf
1010024,Schizoporella japonica,6,Celtic-Biscay Shelf
2321199,Scolelepis bonnieri,6,Celtic-Biscay Shelf
2321152,Scolelepis korsuni,6,Celtic-Biscay Shelf
5279603,Solieria chordalis,6,Celtic-Biscay Shelf
2392508,Sparus aurata,6,Celtic-Biscay Shelf
10673702,Steromphala albida,6,Celtic-Biscay Shelf
9514986,Steromphala cineraria,6,Celtic-Biscay Shelf
9471950,Steromphala umbilicalis,6,Celtic-Biscay Shelf
2304357,Stramonita haemastoma,6,Celtic-Biscay Shelf
2331936,Styela canopus,6,Celtic-Biscay Shelf
2331942,Styela clava,6,Celtic-Biscay Shelf
2251202,Suberites massa,6,Celtic-Biscay Shelf
11464313,Sundstroemia setigera,6,Celtic-Biscay Shelf
8357929,Syllis variegata,6,Celtic-Biscay Shelf
1450317,Telmatogeton japonicus,6,Celtic-Biscay Shelf
7644219,Trieres mobiliensis,6,Celtic-Biscay Shelf
8243780,Trieres regia,6,Celtic-Biscay Shelf
8492140,Tritia corniculum,6,Celtic-Biscay Shelf
8608139,Tritia neritea,6,Celtic-Biscay Shelf
5192721,Truncatella subcylindrica,6,Celtic-Biscay Shelf
2308668,Tubificoides benedii,6,Celtic-Biscay Shelf
2308676,Tubificoides pseudogaster,6,Celtic-Biscay Shelf
5185603,Tubularia indivisa,6,Celtic-Biscay Shelf
5273309,Ulva lactuca,6,Celtic-Biscay Shelf
5422556,Undaria pinnatifida,6,Celtic-Biscay Shelf
2285504,Yoldia limatula,6,Celtic-Biscay Shelf
4805564,Amphibalanus amphitrite,6,Celtic-Biscay Shelf
6467647,Amphibalanus improvisus,6,Celtic-Biscay Shelf
5212973,Anguilla anguilla,6,Celtic-Biscay Shelf
2411944,Atherina boyeri,6,Celtic-Biscay Shelf
4354941,Botrylloides violaceus,6,Celtic-Biscay Shelf
5200757,Botryllus schlosseri,6,Celtic-Biscay Shelf
4984851,Bugula neritina,6,Celtic-Biscay Shelf
2882404,Ceratophyllum submersum,6,Celtic-Biscay Shelf
2330198,Clavelina lepadiformis,6,Celtic-Biscay Shelf
2257924,Diadumene cincta,6,Celtic-Biscay Shelf
5200414,Diplosoma listerianum,6,Celtic-Biscay Shelf
2328383,Hydroides ezoensis,6,Celtic-Biscay Shelf
7454879,Karenia mikimotoi,6,Celtic-Biscay Shelf
4314702,Monocorophium sextonae,6,Celtic-Biscay Shelf
9736038,Necora puber,6,Celtic-Biscay Shelf
4371597,Nototeredo norvagica,6,Celtic-Biscay Shelf
5200487,Perophora japonica,6,Celtic-Biscay Shelf
8240249,Prorocentrum triestinum,6,Celtic-Biscay Shelf
5279276,Sphaerococcus coronopifolius,6,Celtic-Biscay Shelf
9795553,Sternaspis scutata,6,Celtic-Biscay Shelf
2291814,Thecacera pennigera,6,Celtic-Biscay Shelf
8155634,Watersipora subatra,6,Celtic-Biscay Shelf
1005677,Watersipora subtorquata,6,Celtic-Biscay Shelf
5716906,Zeuxo holdichi,6,Celtic-Biscay Shelf
2434806,Halichoerus grypus,6,Celtic-Biscay Shelf
2398634,Abudefduf vaigiensis,13,Mediterranean Sea
2392311,Acanthopagrus bifasciatus,13,Mediterranean Sea
2267500,Aequorea vitrina,13,Mediterranean Sea
5718569,Agetus flaccus,13,Mediterranean Sea
2390581,Alepes djedaba,13,Mediterranean Sea
2315382,Alitta succinea,13,Mediterranean Sea
4309906,Alpheus dentipes,13,Mediterranean Sea
7446481,Amathia verticillata,13,Mediterranean Sea
5862470,Amphibalanus eburneus,13,Mediterranean Sea
5197001,Amphinome rostrata,13,Mediterranean Sea
6529629,Anadara kagoshimensis,13,Mediterranean Sea
5188945,Anadara transversa,13,Mediterranean Sea
5166357,Anomalocera patersonii,13,Mediterranean Sea
5188926,Anomia ephippium,13,Mediterranean Sea
8183323,Anteaeolidiella lurana,13,Mediterranean Sea
4360191,Antiopella cristata,13,Mediterranean Sea
2348104,Aphanius fasciatus,13,Mediterranean Sea
2323931,Aphelochaeta marioni,13,Mediterranean Sea
2330928,Aplidium glabrum,13,Mediterranean Sea
9025372,Aplus dorbignyi,13,Mediterranean Sea
5853511,Apogonichthyoides pharaonis,13,Mediterranean Sea
4361146,Aporrhais pespelecani,13,Mediterranean Sea
2272084,Aquilonastra burtoni,13,Mediterranean Sea
6531311,Arcuatula senhousia,13,Mediterranean Sea
4360202,Armina maculata,13,Mediterranean Sea
5200467,Ascidiella aspersa,13,Mediterranean Sea
5279840,Asparagopsis armata,13,Mediterranean Sea
5279834,Asparagopsis taxiformis,13,Mediterranean Sea
7765831,Asterias rubens,13,Mediterranean Sea
2227756,Atergatis roseus,13,Mediterranean Sea
7999925,Atherinomorus forskalii,13,Mediterranean Sea
5185431,Aurelia coerulea,13,Mediterranean Sea
5185429,Aurelia solida,13,Mediterranean Sea
2115724,Balanus trigonus,13,Mediterranean Sea
5233152,Beroe ovata,13,Mediterranean Sea
9746127,Biuve fulvipunctata,13,Mediterranean Sea
5725688,Bivetiella cancellata,13,Mediterranean Sea
4366020,Bolinus brandaris,13,Mediterranean Sea
4354937,Botrylloides diegensis,13,Mediterranean Sea
6486710,Botrylloides giganteus,13,Mediterranean Sea
4354950,Botrylloides leachii,13,Mediterranean Sea
2332084,Botrylloides niger,13,Mediterranean Sea
4374596,Brachidontes pharaonis,13,Mediterranean Sea
2225797,Brachynotus sexdentatus,13,Mediterranean Sea
5854272,Branchiomma bairdi,13,Mediterranean Sea
5200315,Branchiomma luctuosum,13,Mediterranean Sea
9680062,Bursatella leachii,13,Mediterranean Sea
2225646,Callinectes sapidus,13,Mediterranean Sea
2386919,Callionymus filamentosus,13,Mediterranean Sea
2293333,Calliostoma zizyphinum,13,Mediterranean Sea
2114223,Calocalanus pavo,13,Mediterranean Sea
4360289,Caloria indica,13,Mediterranean Sea
2301629,Calyptraea chinensis,13,Mediterranean Sea
5178082,Caprella scaura,13,Mediterranean Sea
2390762,Caranx crysos,13,Mediterranean Sea
5178595,Carcinus maenas,13,Mediterranean Sea
2264603,Cassiopea andromeda,13,Mediterranean Sea
2643131,Caulerpa cylindracea,13,Mediterranean Sea
2643011,Caulerpa prolifera,13,Mediterranean Sea
2643172,Caulerpa taxifolia,13,Mediterranean Sea
2388910,Cephalopholis taeniops,13,Mediterranean Sea
5184341,Cereus pedunculatus,13,Mediterranean Sea
4362895,Cerithium scabridum,13,Mediterranean Sea
4372070,Chama pacifica,13,Mediterranean Sea
2225632,Charybdis hellerii,13,Mediterranean Sea
2397527,Cheilodipterus novemstriatus,13,Mediterranean Sea
2336774,Chelidonichthys lucerna,13,Mediterranean Sea
2400863,Chelon labrosus,13,Mediterranean Sea
2375934,Chromogobius zebratus,13,Mediterranean Sea
10894642,Chrysaora pseudoocellata,13,Mediterranean Sea
2115620,Chthamalus stellatus,13,Mediterranean Sea
2330170,Clavelina dellavallei,13,Mediterranean Sea
2330172,Clavelina oblonga,13,Mediterranean Sea
5272096,Codium fragile,13,Mediterranean Sea
4382675,Coleusia signata,13,Mediterranean Sea
3197970,Colpomenia peregrina,13,Mediterranean Sea
6489949,Conomurex persicus,13,Mediterranean Sea
5189032,Corbicula fluminalis,13,Mediterranean Sea
8190231,Corbicula fluminea,13,Mediterranean Sea
2110709,Corycaeus clausi,13,Mediterranean Sea
6518477,Coryphellina rubrolineata,13,Mediterranean Sea
2395367,Coryphoblennius galerita,13,Mediterranean Sea
2264581,Cotylorhiza erythraea,13,Mediterranean Sea
5192789,Crepidula fornicata,13,Mediterranean Sea
4360387,Crepipatella dilatata,13,Mediterranean Sea
7811641,Crisularia plumosa,13,Mediterranean Sea
2376212,Crystallogobius linearis,13,Mediterranean Sea
4362606,Cycloscala hyalina,13,Mediterranean Sea
5727801,Cymbium olla,13,Mediterranean Sea
4286975,Cyprinus carpio,13,Mediterranean Sea
2391050,Decapterus russelli,13,Mediterranean Sea
2392664,Dentex gibbosus,13,Mediterranean Sea
10656713,Deudorix livia,13,Mediterranean Sea
5721108,Diadema setosum,13,Mediterranean Sea
2257920,Diadumene leucolena,13,Mediterranean Sea
4283395,Diadumene lineata,13,Mediterranean Sea
8018048,Dictyota cyanoloma,13,Mediterranean Sea
5423480,Dictyota dichotoma,13,Mediterranean Sea
7707408,Didemnum vexillum,13,Mediterranean Sea
7957037,Dinophysis caudata,13,Mediterranean Sea
4357847,Diodora ruppellii,13,Mediterranean Sea
5210979,Diplodus vulgaris,13,Mediterranean Sea
2331256,Distaplia bermudensis,13,Mediterranean Sea
2287072,Dreissena polymorpha,13,Mediterranean Sea
2227670,Dyspanopeus sayi,13,Mediterranean Sea
4984866,Electra pilosa,13,Mediterranean Sea
5192089,Elysia ornata,13,Mediterranean Sea
8485639,Ensis leei,13,Mediterranean Sea
2388152,Epinephelus areolatus,13,Mediterranean Sea
2388133,Epinephelus caninus,13,Mediterranean Sea
4359698,Ercolania viridis,13,Mediterranean Sea
4363957,Ergalatax junionae,13,Mediterranean Sea
4316681,Erugosquilla massavensis,13,Mediterranean Sea
10638056,Exaiptasia diaphana,13,Mediterranean Sea
2327735,Ficopomatus enigmaticus,13,Mediterranean Sea
5200938,Fistularia commersonii,13,Mediterranean Sea
5200931,Fistularia petimba,13,Mediterranean Sea
5729175,Fulvia fragilis,13,Mediterranean Sea
6525332,Gafrarium savignyi,13,Mediterranean Sea
2377493,Gammogobius steinitzi,13,Mediterranean Sea
5724049,Gibbula ardens,13,Mediterranean Sea
2376538,Gobius couchi,13,Mediterranean Sea
8187685,Gobius cruentatus,13,Mediterranean Sea
2376555,Gobius xanthocephalus,13,Mediterranean Sea
6519803,Goniobranchus annulatus,13,Mediterranean Sea
6519721,Goniobranchus obsoletus,13,Mediterranean Sea
5182166,Haliclona cinerea,13,Mediterranean Sea
2643288,Halimeda incrassata,13,Mediterranean Sea
2293076,Haliotis tuberculata,13,Mediterranean Sea
6126571,Haloa japonica,13,Mediterranean Sea
5329631,Halophila stipulacea,13,Mediterranean Sea
10069599,Hazeus ingressus,13,Mediterranean Sea
2368968,Hemiramphus far,13,Mediterranean Sea
5200658,Herdmania momus,13,Mediterranean Sea
2413065,Herklotsichthys punctatus,13,Mediterranean Sea
4366460,Hexaplex trunculus,13,Mediterranean Sea
2665384,Hildenbrandia crouaniorum,13,Mediterranean Sea
9775198,Himantura uarnak,13,Mediterranean Sea
5201040,Hippocampus fuscus,13,Mediterranean Sea
2328293,Hydroides dianthus,13,Mediterranean Sea
2250096,Hymeniacidon perlevis,13,Mediterranean Sea
4360080,Hypselodoris infucata,13,Mediterranean Sea
2395240,Istiblennius meleagris,13,Mediterranean Sea
2219218,Jassa marmorata,13,Mediterranean Sea
5185840,Kirchenpaueria halecioides,13,Mediterranean Sea
9088686,Kirkegaardia dorsobranchialis,13,Mediterranean Sea
2407748,Lagocephalus guentheri,13,Mediterranean Sea
2407758,Lagocephalus sceleratus,13,Mediterranean Sea
2407780,Lagocephalus suezensis,13,Mediterranean Sea
10906181,Lamprohaminoea ovalis,13,Mediterranean Sea
2661140,Laurencia dendroidea,13,Mediterranean Sea
7627628,Leathesia marina,13,Mediterranean Sea
2411424,Lepadogaster candolii,13,Mediterranean Sea
7639231,Leucos aula,13,Mediterranean Sea
5175631,Ligia oceanica,13,Mediterranean Sea
2392647,Lithognathus mormyrus,13,Mediterranean Sea
2301117,Littorina littorea,13,Mediterranean Sea
2400787,Liza carinata,13,Mediterranean Sea
2659725,Lophocladia trichoclados,13,Mediterranean Sea
2270624,Luidia atlantidea,13,Mediterranean Sea
2266916,Macrorhynchia philippina,13,Mediterranean Sea
4371482,Mactra lilacea,13,Mediterranean Sea
7820753,Magallana gigas,13,Mediterranean Sea
4374719,Malleus regula,13,Mediterranean Sea
7495282,Marivagia stellata,13,Mediterranean Sea
5799065,Matuta victor,13,Mediterranean Sea
5166440,Mecynocera clausi,13,Mediterranean Sea
1335213,Megachile sculpturalis,13,Mediterranean Sea
4360148,Melibe viridis,13,Mediterranean Sea
2212511,Mesanthura romulea,13,Mediterranean Sea
5854375,Mesochaetopterus rogeri,13,Mediterranean Sea
5200696,Microcosmus squamiger,13,Mediterranean Sea
8767949,Microeuraphia depressa,13,Mediterranean Sea
2415777,Micromesistius poutassou,13,Mediterranean Sea
2376481,Millerigobius macrocephalus,13,Mediterranean Sea
2501248,Mnemiopsis leidyi,13,Mediterranean Sea
2217353,Monocorophium insidiosum,13,Mediterranean Sea
2394612,Morone saxatilis,13,Mediterranean Sea
5795619,Murex forskoehlii,13,Mediterranean Sea
7791733,Mya arenaria,13,Mediterranean Sea
4382701,Myra subgranulata,13,Mediterranean Sea
2287076,Mytilopsis leucophaeata,13,Mediterranean Sea
8288896,Mytilus edulis,13,Mediterranean Sea
2379964,Nemipterus randalli,13,Mediterranean Sea
2114962,Neocalanus gracilis,13,Mediterranean Sea
5193449,Nucella lapillus,13,Mediterranean Sea
2400921,Oedalechilus labeo,13,Mediterranean Sea
5166646,Oithona plumifera,13,Mediterranean Sea
2276151,Ophiactis savignyi,13,Mediterranean Sea
5620016,Opuntia elatior,13,Mediterranean Sea
2286060,Ostrea edulis,13,Mediterranean Sea
5855429,Ostrea stentina,13,Mediterranean Sea
7923023,Ova canalifera,13,Mediterranean Sea
2224979,Palaemon elegans,13,Mediterranean Sea
5823941,Palisada perforata,13,Mediterranean Sea
2395735,Parablennius incognitus,13,Mediterranean Sea
2206602,Paracerceis sculpta,13,Mediterranean Sea
2237923,Paraleucilla magna,13,Mediterranean Sea
2208629,Paranthura japonica,13,Mediterranean Sea
2396749,Parupeneus forsskali,13,Mediterranean Sea
2285980,Pecten maximus,13,Mediterranean Sea
2374391,Pempheris rhomboidea,13,Mediterranean Sea
2223840,Penaeus aztecus,13,Mediterranean Sea
2223441,Penaeus kerathurus,13,Mediterranean Sea
2234729,Penilia avirostris,13,Mediterranean Sea
5185730,Pennaria disticha,13,Mediterranean Sea
2225783,Percnon gibbesi,13,Mediterranean Sea
9802456,Perforatus perforatus,13,Mediterranean Sea
2316069,Perinereis cultrifera,13,Mediterranean Sea
2395422,Petroscirtes ancylodon,13,Mediterranean Sea
2330609,Phallusia mammillata,13,Mediterranean Sea
2330558,Phallusia nigra,13,Mediterranean Sea
4360357,Phidiana militaris,13,Mediterranean Sea
7992320,Phorcus lineatus,13,Mediterranean Sea
5186396,Phoronis hippocrepia,13,Mediterranean Sea
2264530,Phyllorhiza punctata,13,Mediterranean Sea
2227605,Pilumnus hirtellus,13,Mediterranean Sea
2227612,Pilumnus spinifer,13,Mediterranean Sea
5201390,Platycephalus indicus,13,Mediterranean Sea
7965247,Plotosus lineatus,13,Mediterranean Sea
2332062,Polyandrocarpa zorritensis,13,Mediterranean Sea
2291759,Polycera hedgpethi,13,Mediterranean Sea
2291791,Polycerella emertoni,13,Mediterranean Sea
5197741,Polydora hoplura,13,Mediterranean Sea
2320257,Polyophthalmus pictus,13,Mediterranean Sea
2382461,Pomadasys incisus,13,Mediterranean Sea
2382872,Pomadasys stridens,13,Mediterranean Sea
2379294,Pomatoschistus bathi,13,Mediterranean Sea
2379295,Pomatoschistus marmoratus,13,Mediterranean Sea
2114214,Pontella mediterranea,13,Mediterranean Sea
5863622,Portunus segnis,13,Mediterranean Sea
2328810,Potamilla torelli,13,Mediterranean Sea
5192470,Potamopyrgus antipodarum,13,Mediterranean Sea
2227300,Procambarus clarkii,13,Mediterranean Sea
2251051,Prosuberites longispinus,13,Mediterranean Sea
8337656,Pseudo-nitzschia australis,13,Mediterranean Sea
2315466,Pseudonereis anomala,13,Mediterranean Sea
2320993,Pseudopolydora paucibranchiata,13,Mediterranean Sea
8363171,Pteragogus trispilus,13,Mediterranean Sea
2285333,Pteria hirundo,13,Mediterranean Sea
2334433,Pterois miles,13,Mediterranean Sea
2419426,Pteroplatytrygon violacea,13,Mediterranean Sea
2331816,Pyura tessellata,13,Mediterranean Sea
2426760,Rana dalmatina,13,Mediterranean Sea
4363583,Rapana venosa,13,Mediterranean Sea
1009964,Reptadeonella violacea,13,Mediterranean Sea
4362907,Rhinoclavis kochi,13,Mediterranean Sea
2227663,Rhithropanopeus harrisii,13,Mediterranean Sea
2264597,Rhopilema nomadica,13,Mediterranean Sea
4361747,Rissoina bertholleti,13,Mediterranean Sea
4372687,Ruditapes decussatus,13,Mediterranean Sea
4372686,Ruditapes philippinarum,13,Mediterranean Sea
5824863,Rugulopteryx okamurae,13,Mediterranean Sea
2328603,Sabella spallanzanii,13,Mediterranean Sea
2412864,Sardinella aurita,13,Mediterranean Sea
3197314,Sargassum muticum,13,Mediterranean Sea
2356802,Sargocentron rubrum,13,Mediterranean Sea
2226385,Saron marmoratus,13,Mediterranean Sea
2392628,Sarpa salpa,13,Mediterranean Sea
8456531,Saurida lessepsianus,13,Mediterranean Sea
2395157,Scartella cristata,13,Mediterranean Sea
2393577,Scarus ghobban,13,Mediterranean Sea
2374255,Scomberomorus commerson,13,Mediterranean Sea
8920970,Sepioteuthis lessoniana,13,Mediterranean Sea
9450610,Septifer cumingii,13,Mediterranean Sea
5961709,Seriola fasciata,13,Mediterranean Sea
2316670,Sigambra parva,13,Mediterranean Sea
2390262,Siganus luridus,13,Mediterranean Sea
2390185,Siganus rivulatus,13,Mediterranean Sea
8052612,Sillago suezensis,13,Mediterranean Sea
5715613,Siphonaria pectinata,13,Mediterranean Sea
4369932,Smaragdia souverbiana,13,Mediterranean Sea
2393905,Sparisoma cretense,13,Mediterranean Sea
2392508,Sparus aurata,13,Mediterranean Sea
2394252,Sphyraena chrysotaenia,13,Mediterranean Sea
2394248,Sphyraena flavicauda,13,Mediterranean Sea
2394271,Sphyraena sphyraena,13,Mediterranean Sea
5729648,Spondylus spinosus,13,Mediterranean Sea
1048487,Stator limbatus,13,Mediterranean Sea
2216565,Stenothoe gallensis,13,Mediterranean Sea
2216566,Stenothoe georgiana,13,Mediterranean Sea
5213449,Stephanolepis diaspros,13,Mediterranean Sea
9517779,Steromphala adansonii,13,Mediterranean Sea
9280149,Steromphala adriatica,13,Mediterranean Sea
10673702,Steromphala albida,13,Mediterranean Sea
9471950,Steromphala umbilicalis,13,Mediterranean Sea
2304357,Stramonita haemastoma,13,Mediterranean Sea
2331936,Styela canopus,13,Mediterranean Sea
2331942,Styela clava,13,Mediterranean Sea
2331954,Styela plicata,13,Mediterranean Sea
3200580,Stypopodium schimperi,13,Mediterranean Sea
2251202,Suberites massa,13,Mediterranean Sea
2308987,Syllidia armata,13,Mediterranean Sea
5194622,Syllis gracilis,13,Mediterranean Sea
2332243,Symplegma brakenhielmi,13,Mediterranean Sea
2332248,Symplegma rubra,13,Mediterranean Sea
4341995,Synaptula reciprocans,13,Mediterranean Sea
8056718,Syngnathus abaster,13,Mediterranean Sea
4307290,Thalamita poissonii,13,Mediterranean Sea
2407271,Torquigener flavimaculosus,13,Mediterranean Sea
4985072,Tricellaria inopinata,13,Mediterranean Sea
8492140,Tritia corniculum,13,Mediterranean Sea
8608139,Tritia neritea,13,Mediterranean Sea
9512405,Trochus erithreus,13,Mediterranean Sea
5192721,Truncatella subcylindrica,13,Mediterranean Sea
2375465,Trypauchen vagina,13,Mediterranean Sea
5273309,Ulva lactuca,13,Mediterranean Sea
5422556,Undaria pinnatifida,13,Mediterranean Sea
2396768,Upeneus moluccensis,13,Mediterranean Sea
2396797,Upeneus pori,13,Mediterranean Sea
2378753,Vanderhorstia mertensi,13,Mediterranean Sea
5229142,Vanellus spinosus,13,Mediterranean Sea
4086523,Verbena incompta,13,Mediterranean Sea
1005675,Watersipora cucullata,13,Mediterranean Sea
5188827,Xenostrobus securis,13,Mediterranean Sea
2376059,Zebrus zebrus,13,Mediterranean Sea
4805564,Amphibalanus amphitrite,13,Mediterranean Sea
6467647,Amphibalanus improvisus,13,Mediterranean Sea
7374940,Amphistegina lobifera,13,Mediterranean Sea
5212973,Anguilla anguilla,13,Mediterranean Sea
5191262,Aplysia dactylomela,13,Mediterranean Sea
2411944,Atherina boyeri,13,Mediterranean Sea
2268682,Blackfordia virginica,13,Mediterranean Sea
4354941,Botrylloides violaceus,13,Mediterranean Sea
5200757,Botryllus schlosseri,13,Mediterranean Sea
4984851,Bugula neritina,13,Mediterranean Sea
8428595,Bugulina stolonifera,13,Mediterranean Sea
2882404,Ceratophyllum submersum,13,Mediterranean Sea
4356092,Ciona robusta,13,Mediterranean Sea
2330198,Clavelina lepadiformis,13,Mediterranean Sea
5181275,Crambe crambe,13,Mediterranean Sea
11916008,Cryptocentrus steinhardti,13,Mediterranean Sea
5200414,Diplosoma listerianum,13,Mediterranean Sea
2330725,Ecteinascidia turbinata,13,Mediterranean Sea
2317572,Eurythoe complanata,13,Mediterranean Sea
8301674,Gymnodinium catenatum,13,Mediterranean Sea
2317552,Hermodice carunculata,13,Mediterranean Sea
2328302,Hydroides elegans,13,Mediterranean Sea
2219222,Jassa slatteryi,13,Mediterranean Sea
4374605,Mytilaster minimus,13,Mediterranean Sea
9736038,Necora puber,13,Mediterranean Sea
5184825,Oculina patagonica,13,Mediterranean Sea
5200487,Perophora japonica,13,Mediterranean Sea
6480320,Planocera ceratommata,13,Mediterranean Sea
2218560,Platorchestia platensis,13,Mediterranean Sea
1010034,Schizoporella errata,13,Mediterranean Sea
5279276,Sphaerococcus coronopifolius,13,Mediterranean Sea
9795553,Sternaspis scutata,13,Mediterranean Sea
6519254,Tayuva lilacina,13,Mediterranean Sea
2288847,Teredo navalis,13,Mediterranean Sea
8155634,Watersipora subatra,13,Mediterranean Sea
1005677,Watersipora subtorquata,13,Mediterranean Sea
2434806,Halichoerus grypus,13,Mediterranean Sea
3196524,Ascophyllum nodosum,50,Faroe Plateau
7765831,Asterias rubens,50,Faroe Plateau
5178595,Carcinus maenas,50,Faroe Plateau
5962255,Cyclopterus lumpus,50,Faroe Plateau
8288896,Mytilus edulis,50,Faroe Plateau
5193449,Nucella lapillus,50,Faroe Plateau
9514986,Steromphala cineraria,50,Faroe Plateau
2434806,Halichoerus grypus,50,Faroe Plateau
2267500,Aequorea vitrina,53,Norwegian Sea
2337248,Agonus cataphractus,53,Norwegian Sea
7910173,Alexandrium ostenfeldii,53,Norwegian Sea
7632200,Alexandrium tamarense,53,Norwegian Sea
2315395,Alitta virens,53,Norwegian Sea
3195275,Apedinella radians,53,Norwegian Sea
4361146,Aporrhais pespelecani,53,Norwegian Sea
3196524,Ascophyllum nodosum,53,Norwegian Sea
7765831,Asterias rubens,53,Norwegian Sea
2115719,Balanus balanus,53,Norwegian Sea
2668884,Bonnemaisonia hamifera,53,Norwegian Sea
2293333,Calliostoma zizyphinum,53,Norwegian Sea
5178057,Caprella mutica,53,Norwegian Sea
5178595,Carcinus maenas,53,Norwegian Sea
2383720,Centrolabrus exoletus,53,Norwegian Sea
2336774,Chelidonichthys lucerna,53,Norwegian Sea
3195749,Chorda filum,53,Norwegian Sea
2329622,Ciona intestinalis,53,Norwegian Sea
5272096,Codium fragile,53,Norwegian Sea
5962255,Cyclopterus lumpus,53,Norwegian Sea
7682935,Dasysiphonia japonica,53,Norwegian Sea
5423480,Dictyota dichotoma,53,Norwegian Sea
3194973,Dinobryon faculiferum,53,Norwegian Sea
7708032,Dinophysis tripos,53,Norwegian Sea
2321463,Dipolydora quadrilobata,53,Norwegian Sea
2321466,Dipolydora socialis,53,Norwegian Sea
1006399,Einhornia crustulenta,53,Norwegian Sea
4984866,Electra pilosa,53,Norwegian Sea
2328792,Euchone incolor,53,Norwegian Sea
3196454,Fucus distichus,53,Norwegian Sea
3196437,Fucus serratus,53,Norwegian Sea
3196369,Fucus spiralis,53,Norwegian Sea
5195516,Glycera capitata,53,Norwegian Sea
2266754,Gonionemus vertens,53,Norwegian Sea
5182309,Haliclona urceolus,53,Norwegian Sea
3196171,Halosiphon tomentosus,53,Norwegian Sea
7627628,Leathesia marina,53,Norwegian Sea
3202466,Leucocryptos marina,53,Norwegian Sea
5175631,Ligia oceanica,53,Norwegian Sea
2301117,Littorina littorea,53,Norwegian Sea
2301066,Littorina obtusata,53,Norwegian Sea
8116657,Littorina saxatilis,53,Norwegian Sea
7820753,Magallana gigas,53,Norwegian Sea
2415777,Micromesistius poutassou,53,Norwegian Sea
2501248,Mnemiopsis leidyi,53,Norwegian Sea
7791733,Mya arenaria,53,Norwegian Sea
8288896,Mytilus edulis,53,Norwegian Sea
2316942,Nephtys ciliata,53,Norwegian Sea
5193449,Nucella lapillus,53,Norwegian Sea
10478115,Octactis speculum,53,Norwegian Sea
2286060,Ostrea edulis,53,Norwegian Sea
2258604,Pachycerianthus multiplicatus,53,Norwegian Sea
2224979,Palaemon elegans,53,Norwegian Sea
2285980,Pecten maximus,53,Norwegian Sea
2227605,Pilumnus hirtellus,53,Norwegian Sea
5200501,Polyclinum aurantium,53,Norwegian Sea
5275705,Porphyra umbilicalis,53,Norwegian Sea
7768737,Pronoctiluca pelagica,53,Norwegian Sea
2320993,Pseudopolydora paucibranchiata,53,Norwegian Sea
2329268,Pseudopotamilla reniformis,53,Norwegian Sea
3194102,Pseudosolenia calcar-avis,53,Norwegian Sea
2688129,Pterosperma cristatum,53,Norwegian Sea
5421984,Rhizosolenia styliformis,53,Norwegian Sea
4372687,Ruditapes decussatus,53,Norwegian Sea
3197314,Sargassum muticum,53,Norwegian Sea
2322021,Schistomeringos rudolphi,53,Norwegian Sea
1010024,Schizoporella japonica,53,Norwegian Sea
2321152,Scolelepis korsuni,53,Norwegian Sea
9338680,Scrippsiella acuminata,53,Norwegian Sea
1005581,Scruparia ambigua,53,Norwegian Sea
9514986,Steromphala cineraria,53,Norwegian Sea
11464313,Sundstroemia setigera,53,Norwegian Sea
2308987,Syllidia armata,53,Norwegian Sea
3193498,Thalassiosira nordenskioeldii,53,Norwegian Sea
2324159,Tharyx killariensis,53,Norwegian Sea
4985072,Tricellaria inopinata,53,Norwegian Sea
2308668,Tubificoides benedii,53,Norwegian Sea
5185603,Tubularia indivisa,53,Norwegian Sea
5273309,Ulva lactuca,53,Norwegian Sea
3205121,Alexandrium minutum,53,Norwegian Sea
3205098,Alexandrium pseudogonyaulax,53,Norwegian Sea
5212973,Anguilla anguilla,53,Norwegian Sea
5200757,Botryllus schlosseri,53,Norwegian Sea
5423348,Desmarestia viridis,53,Norwegian Sea
3199521,Ectocarpus siliculosus,53,Norwegian Sea
3196387,Fucus evanescens,53,Norwegian Sea
7982246,Gyrodinium flagellare,53,Norwegian Sea
7454879,Karenia mikimotoi,53,Norwegian Sea
2651922,Karlodinium veneficum,53,Norwegian Sea
3205951,Lessardia elongata,53,Norwegian Sea
9150298,Phaeocystis pouchetii,53,Norwegian Sea
8368630,Prorocentrum cordatum,53,Norwegian Sea
8240249,Prorocentrum triestinum,53,Norwegian Sea
3199757,Pylaiella littoralis,53,Norwegian Sea
3207190,Spatulodinium pseudonoctiluca,53,Norwegian Sea
5279276,Sphaerococcus coronopifolius,53,Norwegian Sea
9795553,Sternaspis scutata,53,Norwegian Sea
2434806,Halichoerus grypus,53,Norwegian Sea
4287131,Acipenser baerii,3,North Sea
2267500,Aequorea vitrina,3,North Sea
1004580,Aetea truncata,3,North Sea
5279568,Agardhiella subulata,3,North Sea
2337248,Agonus cataphractus,3,North Sea
8187634,Akashiwo sanguinea,3,North Sea
7910173,Alexandrium ostenfeldii,3,North Sea
7632200,Alexandrium tamarense,3,North Sea
2315382,Alitta succinea,3,North Sea
2315395,Alitta virens,3,North Sea
5166760,Ammothea hilgendorfi,3,North Sea
6529629,Anadara kagoshimensis,3,North Sea
5166357,Anomalocera patersonii,3,North Sea
5188926,Anomia ephippium,3,North Sea
4360191,Antiopella cristata,3,North Sea
2657472,Antithamnion hubbsii,3,North Sea
6460818,Aoroides semicurvatus,3,North Sea
3195275,Apedinella radians,3,North Sea
2323931,Aphelochaeta marioni,3,North Sea
2330928,Aplidium glabrum,3,North Sea
4361146,Aporrhais pespelecani,3,North Sea
3121258,Artemisia princeps,3,North Sea
5200467,Ascidiella aspersa,3,North Sea
3196524,Ascophyllum nodosum,3,North Sea
7765831,Asterias rubens,3,North Sea
5185431,Aurelia coerulea,3,North Sea
2115769,Austrominius modestus,3,North Sea
2115719,Balanus balanus,3,North Sea
2115706,Balanus glandula,3,North Sea
3193674,Biddulphia rhombus,3,North Sea
7577557,Bispira polyomma,3,North Sea
2320810,Boccardia proboscidea,3,North Sea
2320998,Boccardiella hamata,3,North Sea
2668884,Bonnemaisonia hamifera,3,North Sea
4354937,Botrylloides diegensis,3,North Sea
4354950,Botrylloides leachii,3,North Sea
2266586,Bougainvillia muscus,3,North Sea
9817665,Branchiomma bombyx,3,North Sea
2225646,Callinectes sapidus,3,North Sea
2293333,Calliostoma zizyphinum,3,North Sea
2301629,Calyptraea chinensis,3,North Sea
5178057,Caprella mutica,3,North Sea
5178595,Carcinus maenas,3,North Sea
2666539,Caulacanthus okamurae,3,North Sea
5963673,Celtodoryx ciocalyptoides,3,North Sea
2383720,Centrolabrus exoletus,3,North Sea
10708694,Ceramium sungminbooi,3,North Sea
5277182,Ceramium tenuicorne,3,North Sea
5184341,Cereus pedunculatus,3,North Sea
4275413,Chaetoceros lorenzianus,3,North Sea
9501293,Chaetoceros concavicornis,3,North Sea
3193042,Chaetoceros peruvianus,3,North Sea
5270682,Chara connivens,3,North Sea
4314683,Chelicorophium curvispinum,3,North Sea
2336774,Chelidonichthys lucerna,3,North Sea
2400863,Chelon labrosus,3,North Sea
5279755,Chondria coerulescens,3,North Sea
3195749,Chorda filum,3,North Sea
2329622,Ciona intestinalis,3,North Sea
5197206,Clymenella torquata,3,North Sea
5272096,Codium fragile,3,North Sea
3197970,Colpomenia peregrina,3,North Sea
2291865,Corambe obscura,3,North Sea
5189032,Corbicula fluminalis,3,North Sea
8190231,Corbicula fluminea,3,North Sea
2266009,Cordylophora caspia,3,North Sea
2351174,Coregonus maraena,3,North Sea
5200463,Corella eumyota,3,North Sea
5362054,Crassula helmsii,3,North Sea
5192789,Crepidula fornicata,3,North Sea
2376212,Crystallogobius linearis,3,North Sea
5962255,Cyclopterus lumpus,3,North Sea
5727801,Cymbium olla,3,North Sea
4286975,Cyprinus carpio,3,North Sea
2659108,Dasya baillouviana,3,North Sea
7682935,Dasysiphonia japonica,3,North Sea
4283395,Diadumene lineata,3,North Sea
5423480,Dictyota dichotoma,3,North Sea
7707408,Didemnum vexillum,3,North Sea
4315705,Dikerogammarus villosus,3,North Sea
3194973,Dinobryon faculiferum,3,North Sea
7957037,Dinophysis caudata,3,North Sea
7708032,Dinophysis tripos,3,North Sea
2321463,Dipolydora quadrilobata,3,North Sea
2321466,Dipolydora socialis,3,North Sea
2287072,Dreissena polymorpha,3,North Sea
1006399,Einhornia crustulenta,3,North Sea
4984866,Electra pilosa,3,North Sea
8485639,Ensis leei,3,North Sea
4359698,Ercolania viridis,3,North Sea
8000329,Ericthonius didymus,3,North Sea
2225776,Eriocheir sinensis,3,North Sea
3193505,Ethmodiscus punctiger,3,North Sea
2328792,Euchone incolor,3,North Sea
2266151,Eudendrium capillare,3,North Sea
10444424,Eupyxidicula turris,3,North Sea
6467132,Eurytemora carolleeae,3,North Sea
1008955,Fenestrulina delicia,3,North Sea
2327735,Ficopomatus enigmaticus,3,North Sea
3196454,Fucus distichus,3,North Sea
3196437,Fucus serratus,3,North Sea
3196369,Fucus spiralis,3,North Sea
2219863,Gammarus tigrinus,3,North Sea
2662823,Gelidium vagum,3,North Sea
5195516,Glycera capitata,3,North Sea
2266754,Gonionemus vertens,3,North Sea
5278964,Gracilaria vermiculophylla,3,North Sea
2219149,Grandidierella japonica,3,North Sea
2658889,Grateloupia turuturu,3,North Sea
2657564,Griffithsia corallinoides,3,North Sea
5182309,Haliclona urceolus,3,North Sea
5182166,Haliclona cinerea,3,North Sea
2264670,Haliclystus salpinx,3,North Sea
2564481,Haligena elaterophora,3,North Sea
6485909,Halisarca dujardinii,3,North Sea
6126571,Haloa japonica,3,North Sea
3196171,Halosiphon tomentosus,3,North Sea
10246866,Haminella solitaria,3,North Sea
8059430,Heleobia charruana,3,North Sea
2225772,Hemigrapsus sanguineus,3,North Sea
4382841,Hemigrapsus takanoi,3,North Sea
2220312,Hemimysis anomala,3,North Sea
2665384,Hildenbrandia crouaniorum,3,North Sea
10559499,Hobaniella longicruris,3,North Sea
2250096,Hymeniacidon perlevis,3,North Sea
2211599,Ianiropsis serricaudis,3,North Sea
2219218,Jassa marmorata,3,North Sea
1007790,Jellyella tuberculata,3,North Sea
7627628,Leathesia marina,3,North Sea
3193833,Lennoxia faveolata,3,North Sea
3202466,Leucocryptos marina,3,North Sea
5175631,Ligia oceanica,3,North Sea
2301117,Littorina littorea,3,North Sea
2301066,Littorina obtusata,3,North Sea
8116657,Littorina saxatilis,3,North Sea
2565841,Lulwoana uniseptata,3,North Sea
7820753,Magallana gigas,3,North Sea
2321010,Marenzelleria neglecta,3,North Sea
2321012,Marenzelleria viridis,3,North Sea
5166487,Megabalanus tintinnabulum,3,North Sea
9738520,Melanothamnus harveyi,3,North Sea
2215949,Melita nitida,3,North Sea
2287668,Mercenaria mercenaria,3,North Sea
2114953,Mesocalanus tenuicornis,3,North Sea
2415777,Micromesistius poutassou,3,North Sea
1009018,Microporella ciliata,3,North Sea
8245330,Microspongium stilophorae,3,North Sea
2501248,Mnemiopsis leidyi,3,North Sea
2217353,Monocorophium insidiosum,3,North Sea
2286388,Mulinia lateralis,3,North Sea
7791733,Mya arenaria,3,North Sea
2110813,Mytilicola orientalis,3,North Sea
2287076,Mytilopsis leucophaeata,3,North Sea
8288896,Mytilus edulis,3,North Sea
2285681,Mytilus trossulus,3,North Sea
2327326,Neodexiospira brasiliensis,3,North Sea
2379089,Neogobius melanostomus,3,North Sea
2220407,Neomysis integer,3,North Sea
2316942,Nephtys ciliata,3,North Sea
5193449,Nucella lapillus,3,North Sea
4601972,Ocinebrellus inornatus,3,North Sea
10478115,Octactis speculum,3,North Sea
5166638,Oithona davisae,3,North Sea
2286060,Ostrea edulis,3,North Sea
7530747,Oxytoxum criophilum,3,North Sea
2258604,Pachycerianthus multiplicatus,3,North Sea
1007512,Pacificincola perforata,3,North Sea
2224197,Pagurus longicarpus,3,North Sea
2224979,Palaemon elegans,3,North Sea
2225032,Palaemon longirostris,3,North Sea
2224970,Palaemon macrodactylus,3,North Sea
2285980,Pecten maximus,3,North Sea
2234729,Penilia avirostris,3,North Sea
9802456,Perforatus perforatus,3,North Sea
8270004,Peridiniella catenata,3,North Sea
8108244,Peridiniella danica,3,North Sea
2316069,Perinereis cultrifera,3,North Sea
2287615,Petricolaria pholadiformis,3,North Sea
7992320,Phorcus lineatus,3,North Sea
2227605,Pilumnus hirtellus,3,North Sea
5200501,Polyclinum aurantium,3,North Sea
5197747,Polydora cornuta,3,North Sea
5277987,Polysiphonia senticulosa,3,North Sea
5275705,Porphyra umbilicalis,3,North Sea
2288926,Potamocorbula amurensis,3,North Sea
5192470,Potamopyrgus antipodarum,3,North Sea
2227300,Procambarus clarkii,3,North Sea
7768737,Pronoctiluca pelagica,3,North Sea
2114921,Pseudocalanus elongatus,3,North Sea
5824749,Pseudochattonella verruculosa,3,North Sea
2114769,Pseudodiaptomus marinus,3,North Sea
2320993,Pseudopolydora paucibranchiata,3,North Sea
2329268,Pseudopotamilla reniformis,3,North Sea
3194102,Pseudosolenia calcar-avis,3,North Sea
2285333,Pteria hirundo,3,North Sea
2688129,Pterosperma cristatum,3,North Sea
6461590,Ptilohyale littoralis,3,North Sea
3199244,Punctaria tenuissima,3,North Sea
2331816,Pyura tessellata,3,North Sea
2426760,Rana dalmatina,3,North Sea
5188971,Rangia cuneata,3,North Sea
4363583,Rapana venosa,3,North Sea
2227663,Rhithropanopeus harrisii,3,North Sea
7525773,Rhizodomus tagatzi,3,North Sea
5421984,Rhizosolenia styliformis,3,North Sea
4372687,Ruditapes decussatus,3,North Sea
4372686,Ruditapes philippinarum,3,North Sea
5199282,Sabellaria spinulosa,3,North Sea
3197314,Sargassum muticum,3,North Sea
2322021,Schistomeringos rudolphi,3,North Sea
1010024,Schizoporella japonica,3,North Sea
2321199,Scolelepis bonnieri,3,North Sea
2321152,Scolelepis korsuni,3,North Sea
1005581,Scruparia ambigua,3,North Sea
2392508,Sparus aurata,3,North Sea
9514986,Steromphala cineraria,3,North Sea
9471950,Steromphala umbilicalis,3,North Sea
2321343,Streblospio benedicti,3,North Sea
2331942,Styela clava,3,North Sea
2251202,Suberites massa,3,North Sea
11464313,Sundstroemia setigera,3,North Sea
2308987,Syllidia armata,3,North Sea
2204831,Synidotea laticauda,3,North Sea
1450317,Telmatogeton japonicus,3,North Sea
2292354,Tenellia adspersa,3,North Sea
3193507,Thalassiosira minima,3,North Sea
3193498,Thalassiosira nordenskioeldii,3,North Sea
9355965,Thalassiosira punctigera,3,North Sea
2324159,Tharyx killariensis,3,North Sea
5185846,Tiaropsis multicirrata,3,North Sea
4985072,Tricellaria inopinata,3,North Sea
7644219,Trieres mobiliensis,3,North Sea
2308668,Tubificoides benedii,3,North Sea
2308676,Tubificoides pseudogaster,3,North Sea
5185603,Tubularia indivisa,3,North Sea
3199159,Ulonema rhizophorum,3,North Sea
5273420,Ulva australis,3,North Sea
5273309,Ulva lactuca,3,North Sea
5422556,Undaria pinnatifida,3,North Sea
2304415,Urosalpinx cinerea,3,North Sea
4086523,Verbena incompta,3,North Sea
2285504,Yoldia limatula,3,North Sea
3193675,Zygoceros rhombus,3,North Sea
2114446,Acartia tonsa,3,North Sea
3205121,Alexandrium minutum,3,North Sea
3205098,Alexandrium pseudogonyaulax,3,North Sea
6467647,Amphibalanus improvisus,3,North Sea
5212973,Anguilla anguilla,3,North Sea
2657432,Antithamnion densum,3,North Sea
2657651,Antithamnionella spirographidis,3,North Sea
2411944,Atherina boyeri,3,North Sea
2321001,Boccardiella ligerica,3,North Sea
4354941,Botrylloides violaceus,3,North Sea
5200757,Botryllus schlosseri,3,North Sea
4984851,Bugula neritina,3,North Sea
8428595,Bugulina stolonifera,3,North Sea
2882404,Ceratophyllum submersum,3,North Sea
2330198,Clavelina lepadiformis,3,North Sea
5422862,Cutleria multifida,3,North Sea
5423348,Desmarestia viridis,3,North Sea
2257924,Diadumene cincta,3,North Sea
5200414,Diplosoma listerianum,3,North Sea
3199521,Ectocarpus siliculosus,3,North Sea
3196387,Fucus evanescens,3,North Sea
7982246,Gyrodinium flagellare,3,North Sea
10933479,Haliclona xena,3,North Sea
3194420,Heterosigma akashiwo,3,North Sea
2328383,Hydroides ezoensis,3,North Sea
7454879,Karenia mikimotoi,3,North Sea
2651922,Karlodinium veneficum,3,North Sea
3205951,Lessardia elongata,3,North Sea
3198332,Microspongium globosum,3,North Sea
2331498,Molgula manhattensis,3,North Sea
4314702,Monocorophium sextonae,3,North Sea
2110811,Mytilicola intestinalis,3,North Sea
9736038,Necora puber,3,North Sea
5200487,Perophora japonica,3,North Sea
9150298,Phaeocystis pouchetii,3,North Sea
2218560,Platorchestia platensis,3,North Sea
8368630,Prorocentrum cordatum,3,North Sea
8240249,Prorocentrum triestinum,3,North Sea
5824752,Pseudochattonella farcimen,3,North Sea
3199757,Pylaiella littoralis,3,North Sea
3207190,Spatulodinium pseudonoctiluca,3,North Sea
2288847,Teredo navalis,3,North Sea
2291814,Thecacera pennigera,3,North Sea
4985433,Victorella pavida,3,North Sea
8155634,Watersipora subatra,3,North Sea
5716906,Zeuxo holdichi,3,North Sea
2434806,Halichoerus grypus,3,North Sea
5197736,Polydora websteri,3,North Sea
7547256,Sinelobus vanhaareni,3,North Sea
2337248,Agonus cataphractus,54,Barents Sea
8187634,Akashiwo sanguinea,54,Barents Sea
7910173,Alexandrium ostenfeldii,54,Barents Sea
2315395,Alitta virens,54,Barents Sea
5166357,Anomalocera patersonii,54,Barents Sea
3195275,Apedinella radians,54,Barents Sea
2323931,Aphelochaeta marioni,54,Barents Sea
4361146,Aporrhais pespelecani,54,Barents Sea
5200467,Ascidiella aspersa,54,Barents Sea
3196524,Ascophyllum nodosum,54,Barents Sea
7765831,Asterias rubens,54,Barents Sea
2115719,Balanus balanus,54,Barents Sea
5178057,Caprella mutica,54,Barents Sea
5178595,Carcinus maenas,54,Barents Sea
4275413,Chaetoceros lorenzianus,54,Barents Sea
9501293,Chaetoceros concavicornis,54,Barents Sea
4275399,Chaetoceros tortissimus,54,Barents Sea
2336774,Chelidonichthys lucerna,54,Barents Sea
2226639,Chionoecetes opilio,54,Barents Sea
3195749,Chorda filum,54,Barents Sea
2329622,Ciona intestinalis,54,Barents Sea
5272096,Codium fragile,54,Barents Sea
5421557,Coscinodiscus wailesii,54,Barents Sea
2264633,Craterolophus convolvulus,54,Barents Sea
5962255,Cyclopterus lumpus,54,Barents Sea
3194973,Dinobryon faculiferum,54,Barents Sea
8208307,Dinophysis odiosa,54,Barents Sea
7708032,Dinophysis tripos,54,Barents Sea
2321463,Dipolydora quadrilobata,54,Barents Sea
2321466,Dipolydora socialis,54,Barents Sea
4984866,Electra pilosa,54,Barents Sea
2328792,Euchone incolor,54,Barents Sea
3196454,Fucus distichus,54,Barents Sea
3196437,Fucus serratus,54,Barents Sea
3196369,Fucus spiralis,54,Barents Sea
5195516,Glycera capitata,54,Barents Sea
2266754,Gonionemus vertens,54,Barents Sea
7387168,Gymnodinium aureolum,54,Barents Sea
3196171,Halosiphon tomentosus,54,Barents Sea
7627628,Leathesia marina,54,Barents Sea
3202466,Leucocryptos marina,54,Barents Sea
2301117,Littorina littorea,54,Barents Sea
2301066,Littorina obtusata,54,Barents Sea
8116657,Littorina saxatilis,54,Barents Sea
2565841,Lulwoana uniseptata,54,Barents Sea
2415777,Micromesistius poutassou,54,Barents Sea
7791733,Mya arenaria,54,Barents Sea
8288896,Mytilus edulis,54,Barents Sea
2316942,Nephtys ciliata,54,Barents Sea
5193449,Nucella lapillus,54,Barents Sea
10478115,Octactis speculum,54,Barents Sea
2286060,Ostrea edulis,54,Barents Sea
7530747,Oxytoxum criophilum,54,Barents Sea
2224359,Paralithodes camtschaticus,54,Barents Sea
2285980,Pecten maximus,54,Barents Sea
8270004,Peridiniella catenata,54,Barents Sea
5275705,Porphyra umbilicalis,54,Barents Sea
7768737,Pronoctiluca pelagica,54,Barents Sea
2320993,Pseudopolydora paucibranchiata,54,Barents Sea
2329268,Pseudopotamilla reniformis,54,Barents Sea
3194102,Pseudosolenia calcar-avis,54,Barents Sea
2688129,Pterosperma cristatum,54,Barents Sea
5421984,Rhizosolenia styliformis,54,Barents Sea
5175681,Saduria entomon,54,Barents Sea
2321152,Scolelepis korsuni,54,Barents Sea
9514986,Steromphala cineraria,54,Barents Sea
11464313,Sundstroemia setigera,54,Barents Sea
2308987,Syllidia armata,54,Barents Sea
3193498,Thalassiosira nordenskioeldii,54,Barents Sea
2324159,Tharyx killariensis,54,Barents Sea
5185846,Tiaropsis multicirrata,54,Barents Sea
2308668,Tubificoides benedii,54,Barents Sea
5185603,Tubularia indivisa,54,Barents Sea
5273309,Ulva lactuca,54,Barents Sea
3205121,Alexandrium minutum,54,Barents Sea
3205098,Alexandrium pseudogonyaulax,54,Barents Sea
5212973,Anguilla anguilla,54,Barents Sea
5423348,Desmarestia viridis,54,Barents Sea
3199521,Ectocarpus siliculosus,54,Barents Sea
3196387,Fucus evanescens,54,Barents Sea
7982246,Gyrodinium flagellare,54,Barents Sea
7454879,Karenia mikimotoi,54,Barents Sea
2651922,Karlodinium veneficum,54,Barents Sea
3205951,Lessardia elongata,54,Barents Sea
5233166,Mertensia ovum,54,Barents Sea
9150298,Phaeocystis pouchetii,54,Barents Sea
8368630,Prorocentrum cordatum,54,Barents Sea
3199757,Pylaiella littoralis,54,Barents Sea
8082735,Scrippsiella trochoidea,54,Barents Sea
2434806,Halichoerus grypus,54,Barents Sea
2337248,Agonus cataphractus,1,Baltic Sea
2315382,Alitta succinea,1,Baltic Sea
2315395,Alitta virens,1,Baltic Sea
3195275,Apedinella radians,1,Baltic Sea
4361146,Aporrhais pespelecani,1,Baltic Sea
7765831,Asterias rubens,1,Baltic Sea
5178595,Carcinus maenas,1,Baltic Sea
2383720,Centrolabrus exoletus,1,Baltic Sea
5277182,Ceramium tenuicorne,1,Baltic Sea
2234642,Cercopagis pengoi,1,Baltic Sea
5270682,Chara connivens,1,Baltic Sea
4314683,Chelicorophium curvispinum,1,Baltic Sea
3195749,Chorda filum,1,Baltic Sea
2329622,Ciona intestinalis,1,Baltic Sea
2266009,Cordylophora caspia,1,Baltic Sea
2351174,Coregonus maraena,1,Baltic Sea
5362054,Crassula helmsii,1,Baltic Sea
5192789,Crepidula fornicata,1,Baltic Sea
5962255,Cyclopterus lumpus,1,Baltic Sea
4286975,Cyprinus carpio,1,Baltic Sea
4315703,Dikerogammarus haemobaphes,1,Baltic Sea
4315705,Dikerogammarus villosus,1,Baltic Sea
2321463,Dipolydora quadrilobata,1,Baltic Sea
2287072,Dreissena polymorpha,1,Baltic Sea
1006399,Einhornia crustulenta,1,Baltic Sea
4984866,Electra pilosa,1,Baltic Sea
8485639,Ensis leei,1,Baltic Sea
2225776,Eriocheir sinensis,1,Baltic Sea
6467132,Eurytemora carolleeae,1,Baltic Sea
2327735,Ficopomatus enigmaticus,1,Baltic Sea
3196437,Fucus serratus,1,Baltic Sea
3196369,Fucus spiralis,1,Baltic Sea
2219863,Gammarus tigrinus,1,Baltic Sea
2219149,Grandidierella japonica,1,Baltic Sea
10246866,Haminella solitaria,1,Baltic Sea
2225772,Hemigrapsus sanguineus,1,Baltic Sea
4382841,Hemigrapsus takanoi,1,Baltic Sea
7627628,Leathesia marina,1,Baltic Sea
5175631,Ligia oceanica,1,Baltic Sea
2301117,Littorina littorea,1,Baltic Sea
2301066,Littorina obtusata,1,Baltic Sea
8116657,Littorina saxatilis,1,Baltic Sea
7820753,Magallana gigas,1,Baltic Sea
2321011,Marenzelleria arctia,1,Baltic Sea
2321010,Marenzelleria neglecta,1,Baltic Sea
2321012,Marenzelleria viridis,1,Baltic Sea
2215949,Melita nitida,1,Baltic Sea
2501248,Mnemiopsis leidyi,1,Baltic Sea
2217353,Monocorophium insidiosum,1,Baltic Sea
7791733,Mya arenaria,1,Baltic Sea
2287076,Mytilopsis leucophaeata,1,Baltic Sea
8288896,Mytilus edulis,1,Baltic Sea
2285681,Mytilus trossulus,1,Baltic Sea
2379089,Neogobius melanostomus,1,Baltic Sea
2220407,Neomysis integer,1,Baltic Sea
2316942,Nephtys ciliata,1,Baltic Sea
2215522,Nippoleucon hinumensis,1,Baltic Sea
10478115,Octactis speculum,1,Baltic Sea
2286060,Ostrea edulis,1,Baltic Sea
2224979,Palaemon elegans,1,Baltic Sea
2308113,Paranais frici,1,Baltic Sea
2234729,Penilia avirostris,1,Baltic Sea
8270004,Peridiniella catenata,1,Baltic Sea
2287615,Petricolaria pholadiformis,1,Baltic Sea
5197747,Polydora cornuta,1,Baltic Sea
4315140,Pontogammarus robustoides,1,Baltic Sea
5192470,Potamopyrgus antipodarum,1,Baltic Sea
2308608,Potamothrix hammoniensis,1,Baltic Sea
2114921,Pseudocalanus elongatus,1,Baltic Sea
3194102,Pseudosolenia calcar-avis,1,Baltic Sea
2426760,Rana dalmatina,1,Baltic Sea
5188971,Rangia cuneata,1,Baltic Sea
2227663,Rhithropanopeus harrisii,1,Baltic Sea
5175681,Saduria entomon,1,Baltic Sea
2321343,Streblospio benedicti,1,Baltic Sea
2308987,Syllidia armata,1,Baltic Sea
1450317,Telmatogeton japonicus,1,Baltic Sea
2292354,Tenellia adspersa,1,Baltic Sea
3193498,Thalassiosira nordenskioeldii,1,Baltic Sea
2308668,Tubificoides benedii,1,Baltic Sea
5185603,Tubularia indivisa,1,Baltic Sea
5273309,Ulva lactuca,1,Baltic Sea
2114446,Acartia tonsa,1,Baltic Sea
6467647,Amphibalanus improvisus,1,Baltic Sea
5212973,Anguilla anguilla,1,Baltic Sea
2321001,Boccardiella ligerica,1,Baltic Sea
2882404,Ceratophyllum submersum,1,Baltic Sea
3199521,Ectocarpus siliculosus,1,Baltic Sea
2218560,Platorchestia platensis,1,Baltic Sea
8368630,Prorocentrum cordatum,1,Baltic Sea
3199757,Pylaiella littoralis,1,Baltic Sea
2308528,Tubificoides heterochaetus,1,Baltic Sea
2434806,Halichoerus grypus,1,Baltic Sea
7547256,Sinelobus vanhaareni,1,Baltic Sea
6529629,Anadara kagoshimensis,11,Black Sea
6531311,Arcuatula senhousia,11,Black Sea
5200467,Ascidiella aspersa,11,Black Sea
5233152,Beroe ovata,11,Black Sea
2225797,Brachynotus sexdentatus,11,Black Sea
2225646,Callinectes sapidus,11,Black Sea
2301629,Calyptraea chinensis,11,Black Sea
8190231,Corbicula fluminea,11,Black Sea
2395367,Coryphoblennius galerita,11,Black Sea
4286975,Cyprinus carpio,11,Black Sea
4283395,Diadumene lineata,11,Black Sea
2287072,Dreissena polymorpha,11,Black Sea
2327735,Ficopomatus enigmaticus,11,Black Sea
2392647,Lithognathus mormyrus,11,Black Sea
1335213,Megachile sculpturalis,11,Black Sea
2501248,Mnemiopsis leidyi,11,Black Sea
7791733,Mya arenaria,11,Black Sea
8288896,Mytilus edulis,11,Black Sea
2379089,Neogobius melanostomus,11,Black Sea
2286060,Ostrea edulis,11,Black Sea
2224979,Palaemon elegans,11,Black Sea
2395735,Parablennius incognitus,11,Black Sea
2234729,Penilia avirostris,11,Black Sea
2227605,Pilumnus hirtellus,11,Black Sea
2379294,Pomatoschistus bathi,11,Black Sea
2379295,Pomatoschistus marmoratus,11,Black Sea
5192470,Potamopyrgus antipodarum,11,Black Sea
2426760,Rana dalmatina,11,Black Sea
4363583,Rapana venosa,11,Black Sea
2227663,Rhithropanopeus harrisii,11,Black Sea
5199282,Sabellaria spinulosa,11,Black Sea
2322021,Schistomeringos rudolphi,11,Black Sea
2304357,Stramonita haemastoma,11,Black Sea
8056718,Syngnathus abaster,11,Black Sea
8608139,Tritia neritea,11,Black Sea
5273309,Ulva lactuca,11,Black Sea
5229142,Vanellus spinosus,11,Black Sea
6467647,Amphibalanus improvisus,11,Black Sea
2411944,Atherina boyeri,11,Black Sea
2268682,Blackfordia virginica,11,Black Sea
5200757,Botryllus schlosseri,11,Black Sea
2882404,Ceratophyllum submersum,11,Black Sea
2218560,Platorchestia platensis,11,Black Sea
2288847,Teredo navalis,11,Black Sea
